created_at_utc,task,model,seed,best_epoch,best_val_score,trained_epochs,threshold,val_roc_auc,val_balanced_accuracy,test_roc_auc,test_pr_auc,test_balanced_accuracy,test_macro_f1,test_licensed_consistency,test_illegal_consistency,test_mean_pred_illegal,runtime_s,experiment,permutation_id,reference_family,heldout_positive_count,encoder_checkpoint
2026-04-28T13:09:12.617463+00:00,E3_permutation,heco_disc_lr_finetune,42,57,0.9924953095684804,82,0.9217160940170288,0.9924953095684804,0.9878048780487804,1.0,1.0,0.9,0.9328165374677002,1.0,0.8,0.1947995716786618,3.928000926971436,E3_permutation,0,ggbet,10,<workspace_root>\output\week5\checkpoints\heco_encoder__tau0.7__seed42.pt
2026-04-28T13:09:21.323767+00:00,E3_permutation,heco_disc_lr_finetune,42,146,0.9982578397212544,171,0.0016094967722892,0.9982578397212544,0.9878048780487804,1.0,1.0,0.9878048780487804,0.9675113710201428,0.975609756097561,1.0,0.1606731857272164,8.388578176498413,E3_permutation,1,tsars,9,<workspace_root>\output\week5\checkpoints\heco_encoder__tau0.7__seed42.pt
2026-04-28T13:09:25.077390+00:00,E3_permutation,heco_disc_lr_finetune,42,49,1.0,74,0.8028044700622559,1.0,1.0,0.983739837398374,0.9333333333333332,0.8922764227642277,0.8660968660968661,0.951219512195122,0.8333333333333334,0.1902687844608372,3.5141677856445312,E3_permutation,2,icecasino,6,<workspace_root>\output\week5\checkpoints\heco_encoder__tau0.7__seed42.pt
2026-04-28T13:09:35.670303+00:00,E3_permutation,heco_disc_lr_finetune,42,200,1.0,200,0.996203362941742,1.0,1.0,1.0,1.0,1.0,1.0,1.0,1.0,0.0888259306046704,10.35944652557373,E3_permutation,3,bcdot,4,<workspace_root>\output\week5\checkpoints\heco_encoder__tau0.7__seed42.pt
2026-04-28T13:09:46.804469+00:00,E3_permutation,heco_disc_lr_finetune,42,200,1.0,200,0.996777355670929,1.0,1.0,1.0,1.0,0.875,0.9225473321858864,1.0,0.75,0.0903410410776424,10.88818907737732,E3_permutation,4,verdecasino,4,<workspace_root>\output\week5\checkpoints\heco_encoder__tau0.7__seed42.pt
2026-04-28T13:09:49.695597+00:00,E3_permutation,heco_disc_lr_finetune,42,14,0.9951219512195122,50,0.1827311664819717,0.9951219512195122,0.975609756097561,0.9634146341463414,0.7,0.725609756097561,0.6814814814814815,0.951219512195122,0.5,0.1287046496778033,2.6121811866760254,E3_permutation,5,freshbet,2,<workspace_root>\output\week5\checkpoints\heco_encoder__tau0.7__seed42.pt
2026-04-28T13:09:53.241345+00:00,E3_permutation,heco_disc_lr_finetune,42,40,1.0,65,0.5808205604553223,1.0,1.0,0.988095238095238,0.8333333333333333,0.988095238095238,0.8939759036144579,0.9761904761904762,1.0,0.0825137673578471,3.290461778640747,E3_permutation,6,bcgame,2,<workspace_root>\output\week5\checkpoints\heco_encoder__tau0.7__seed42.pt
2026-04-28T13:10:04.605580+00:00,E3_permutation,heco_disc_lr_finetune,42,200,1.0,200,0.9997568726539612,1.0,1.0,1.0,1.0,0.9,0.9325396825396826,1.0,0.8,0.2265298152677929,11.1095130443573,E3_permutation,7,ggbet,10,<workspace_root>\output\week5\checkpoints\heco_encoder__tau0.7__seed42.pt
2026-04-28T13:10:15.853777+00:00,E3_permutation,heco_disc_lr_finetune,42,200,1.0,200,0.9964148998260498,1.0,1.0,1.0,1.0,0.9444444444444444,0.9647058823529412,1.0,0.8888888888888888,0.1765554068879779,10.98653483390808,E3_permutation,8,tsars,9,<workspace_root>\output\week5\checkpoints\heco_encoder__tau0.7__seed42.pt
2026-04-28T13:10:20.030579+00:00,E3_permutation,heco_disc_lr_finetune,42,52,0.9982578397212544,77,0.6372077465057373,0.9982578397212544,0.9878048780487804,1.0,1.0,0.9878048780487804,0.9553656220322888,0.975609756097561,1.0,0.1330282759044598,3.91578221321106,E3_permutation,9,icecasino,6,<workspace_root>\output\week5\checkpoints\heco_encoder__tau0.7__seed42.pt
2026-04-28T13:10:31.320227+00:00,E3_permutation,heco_disc_lr_finetune,42,200,1.0,200,0.971993923187256,1.0,1.0,1.0,1.0,1.0,1.0,1.0,1.0,0.1282202524095617,11.031298875808716,E3_permutation,10,bcdot,4,<workspace_root>\output\week5\checkpoints\heco_encoder__tau0.7__seed42.pt
2026-04-28T13:10:35.642087+00:00,E3_permutation,heco_disc_lr_finetune,42,53,1.0,78,0.8506036996841431,1.0,1.0,1.0,1.0,1.0,1.0,1.0,1.0,0.1366754525101901,4.071879148483276,E3_permutation,11,verdecasino,4,<workspace_root>\output\week5\checkpoints\heco_encoder__tau0.7__seed42.pt
2026-04-28T13:10:38.485507+00:00,E3_permutation,heco_disc_lr_finetune,42,11,0.9918699186991872,50,0.1733642369508743,0.9918699186991872,0.9634146341463414,1.0,1.0,0.9642857142857144,0.7671957671957672,0.9285714285714286,1.0,0.1441351684995672,2.603233337402344,E3_permutation,12,freshbet,2,<workspace_root>\output\week5\checkpoints\heco_encoder__tau0.7__seed42.pt
2026-04-28T13:10:49.362246+00:00,E3_permutation,heco_disc_lr_finetune,42,200,1.0,200,0.1876918077468872,1.0,1.0,1.0,1.0,0.988095238095238,0.8939759036144579,0.9761904761904762,1.0,0.0617261095189496,10.615050315856934,E3_permutation,13,bcgame,2,<workspace_root>\output\week5\checkpoints\heco_encoder__tau0.7__seed42.pt
2026-04-28T13:11:00.464978+00:00,E3_permutation,heco_disc_lr_finetune,42,200,1.0,200,0.4346751272678375,1.0,1.0,1.0,1.0,1.0,1.0,1.0,1.0,0.1901419357670185,10.823760032653809,E3_permutation,14,ggbet,10,<workspace_root>\output\week5\checkpoints\heco_encoder__tau0.7__seed42.pt
2026-04-28T13:11:11.496730+00:00,E3_permutation,heco_disc_lr_finetune,42,200,1.0,200,0.8524780869483948,1.0,1.0,1.0,1.0,0.8888888888888888,0.9258720930232558,1.0,0.7777777777777778,0.1569385782818478,10.742303848266602,E3_permutation,15,tsars,9,<workspace_root>\output\week5\checkpoints\heco_encoder__tau0.7__seed42.pt
2026-04-28T13:11:22.543445+00:00,E3_permutation,heco_disc_lr_finetune,42,200,1.0,200,0.0146548114717006,1.0,1.0,1.0,1.0,1.0,1.0,1.0,1.0,0.1154390041014236,10.801268100738524,E3_permutation,16,icecasino,6,<workspace_root>\output\week5\checkpoints\heco_encoder__tau0.7__seed42.pt
2026-04-28T13:11:33.844640+00:00,E3_permutation,heco_disc_lr_finetune,42,200,1.0,200,0.8665585517883301,1.0,1.0,1.0,1.0,1.0,1.0,1.0,1.0,0.107677064764733,11.04812479019165,E3_permutation,17,bcdot,4,<workspace_root>\output\week5\checkpoints\heco_encoder__tau0.7__seed42.pt
2026-04-28T13:11:37.575426+00:00,E3_permutation,heco_disc_lr_finetune,42,41,1.0,66,0.5564841032028198,1.0,1.0,1.0,1.0,0.9761904761904762,0.8878048780487805,0.9523809523809524,1.0,0.1102163477585137,3.471431493759156,E3_permutation,18,verdecasino,4,<workspace_root>\output\week5\checkpoints\heco_encoder__tau0.7__seed42.pt
2026-04-28T13:11:48.231313+00:00,E3_permutation,heco_disc_lr_finetune,42,200,0.9951219512195122,200,0.6812152862548828,0.9951219512195122,0.9878048780487804,1.0,1.0,1.0,1.0,1.0,1.0,0.0473916892524529,10.406395435333252,E3_permutation,19,freshbet,2,<workspace_root>\output\week5\checkpoints\heco_encoder__tau0.7__seed42.pt
2026-04-28T13:11:54.123626+00:00,E3_permutation,heco_disc_lr_finetune,42,83,0.9983739837398372,108,0.8236203789710999,0.9983739837398372,0.9878048780487804,0.9761904761904762,0.75,0.75,0.8274509803921568,1.0,0.5,0.0480095728686066,5.638705968856812,E3_permutation,20,bcgame,2,<workspace_root>\output\week5\checkpoints\heco_encoder__tau0.7__seed42.pt
2026-04-28T13:12:05.404157+00:00,E3_permutation,heco_disc_lr_finetune,42,200,1.0,200,0.969839572906494,1.0,1.0,1.0,1.0,0.9,0.9319444444444444,1.0,0.8,0.1992149697551126,11.025265455245972,E3_permutation,21,ggbet,10,<workspace_root>\output\week5\checkpoints\heco_encoder__tau0.7__seed42.pt
2026-04-28T13:12:08.427745+00:00,E3_permutation,heco_disc_lr_finetune,42,29,1.0,54,0.482136070728302,1.0,1.0,0.9603174603174603,0.868089472256139,0.8214285714285714,0.8517441860465116,0.9761904761904762,0.6666666666666666,0.1379004697498586,2.763155698776245,E3_permutation,22,tsars,9,<workspace_root>\output\week5\checkpoints\heco_encoder__tau0.7__seed42.pt
2026-04-28T13:12:11.886479+00:00,E3_permutation,heco_disc_lr_finetune,42,33,1.0,58,0.5022135972976685,1.0,1.0,0.9722222222222222,0.8218253968253968,0.8214285714285714,0.8459893048128342,0.9761904761904762,0.6666666666666666,0.1226954922917871,3.2006423473358154,E3_permutation,23,icecasino,6,<workspace_root>\output\week5\checkpoints\heco_encoder__tau0.7__seed42.pt
2026-04-28T13:12:23.025539+00:00,E3_permutation,heco_disc_lr_finetune,42,200,1.0,200,0.9014241695404052,1.0,1.0,1.0,1.0,1.0,1.0,1.0,1.0,0.0996056655331845,10.869361162185667,E3_permutation,24,bcdot,4,<workspace_root>\output\week5\checkpoints\heco_encoder__tau0.7__seed42.pt
2026-04-28T13:12:34.285428+00:00,E3_permutation,heco_disc_lr_finetune,42,200,1.0,200,0.9690231084823608,1.0,1.0,1.0,1.0,1.0,1.0,1.0,1.0,0.1204775254286023,10.9889395236969,E3_permutation,25,verdecasino,4,<workspace_root>\output\week5\checkpoints\heco_encoder__tau0.7__seed42.pt
2026-04-28T13:12:45.448949+00:00,E3_permutation,heco_disc_lr_finetune,42,196,1.0,200,0.889200747013092,1.0,1.0,1.0,1.0,1.0,1.0,1.0,1.0,0.0469224497870254,10.909281492233276,E3_permutation,26,freshbet,2,<workspace_root>\output\week5\checkpoints\heco_encoder__tau0.7__seed42.pt
2026-04-28T13:12:50.912225+00:00,E3_permutation,heco_disc_lr_finetune,42,75,0.9983739837398372,100,0.6960861682891846,0.9983739837398372,0.9878048780487804,1.0,1.0,0.9634146341463414,0.7667269439421338,0.926829268292683,1.0,0.1283293160037715,5.211132764816284,E3_permutation,27,bcgame,2,<workspace_root>\output\week5\checkpoints\heco_encoder__tau0.7__seed42.pt
2026-04-28T13:13:02.392223+00:00,E3_permutation,heco_disc_lr_finetune,42,200,1.0,200,0.9861305356025696,1.0,1.0,1.0,1.0,0.95,0.9676601141407736,1.0,0.9,0.1938467759861255,11.224909782409668,E3_permutation,28,ggbet,10,<workspace_root>\output\week5\checkpoints\heco_encoder__tau0.7__seed42.pt
2026-04-28T13:13:13.748896+00:00,E3_permutation,heco_disc_lr_finetune,42,200,1.0,200,0.0311064925044775,1.0,1.0,1.0,1.0,0.9878048780487804,0.9675113710201428,0.975609756097561,1.0,0.177398023280876,11.076782941818236,E3_permutation,29,tsars,9,<workspace_root>\output\week5\checkpoints\heco_encoder__tau0.7__seed42.pt
2026-04-28T13:13:24.840607+00:00,E3_permutation,heco_disc_lr_finetune,42,200,1.0,200,0.9919270277023317,1.0,1.0,0.975609756097561,0.8551587301587301,0.975609756097561,0.9160714285714284,0.951219512195122,1.0,0.171811183596854,10.837421178817747,E3_permutation,30,icecasino,6,<workspace_root>\output\week5\checkpoints\heco_encoder__tau0.7__seed42.pt
2026-04-28T13:13:36.053158+00:00,E3_permutation,heco_disc_lr_finetune,42,200,1.0,200,0.9516414403915404,1.0,1.0,1.0,1.0,1.0,1.0,1.0,1.0,0.0913719719970321,10.945171356201172,E3_permutation,31,bcdot,4,<workspace_root>\output\week5\checkpoints\heco_encoder__tau0.7__seed42.pt
2026-04-28T13:13:40.423407+00:00,E3_permutation,heco_disc_lr_finetune,42,51,0.9983739837398372,76,0.8293840289115906,0.9983739837398372,0.9878048780487804,0.9761904761904764,0.8303571428571428,0.8392857142857143,0.775609756097561,0.9285714285714286,0.75,0.2200483277972809,4.10502552986145,E3_permutation,32,verdecasino,4,<workspace_root>\output\week5\checkpoints\heco_encoder__tau0.7__seed42.pt
2026-04-28T13:13:43.716359+00:00,E3_permutation,heco_disc_lr_finetune,42,33,1.0,58,0.5093600153923035,1.0,1.0,1.0,1.0,0.9878048780487804,0.8938271604938272,0.975609756097561,1.0,0.1018890861004039,3.029975652694702,E3_permutation,33,freshbet,2,<workspace_root>\output\week5\checkpoints\heco_encoder__tau0.7__seed42.pt
2026-04-28T13:13:54.945436+00:00,E3_permutation,heco_disc_lr_finetune,42,200,1.0,200,0.9932371973991394,1.0,1.0,1.0,1.0,1.0,1.0,1.0,1.0,0.0742372389215571,10.980188131332396,E3_permutation,34,bcgame,2,<workspace_root>\output\week5\checkpoints\heco_encoder__tau0.7__seed42.pt
2026-04-28T13:14:05.922354+00:00,E3_permutation,heco_disc_lr_finetune,42,169,1.0,194,0.9960183501243592,1.0,1.0,1.0,1.0,1.0,1.0,1.0,1.0,0.2012718533731309,10.715673446655272,E3_permutation,35,ggbet,10,<workspace_root>\output\week5\checkpoints\heco_encoder__tau0.7__seed42.pt
2026-04-28T13:14:17.118859+00:00,E3_permutation,heco_disc_lr_finetune,42,200,1.0,200,0.5769011974334717,1.0,1.0,1.0,1.0,1.0,1.0,1.0,1.0,0.1773702883172498,10.932958364486694,E3_permutation,36,tsars,9,<workspace_root>\output\week5\checkpoints\heco_encoder__tau0.7__seed42.pt
2026-04-28T13:14:21.226928+00:00,E3_permutation,heco_disc_lr_finetune,42,48,0.989547038327526,73,0.7716895341873169,0.989547038327526,0.975609756097561,0.988095238095238,0.9444444444444444,0.9523809523809524,0.85,0.9047619047619048,1.0,0.2208217247742543,3.837078809738159,E3_permutation,37,icecasino,6,<workspace_root>\output\week5\checkpoints\heco_encoder__tau0.7__seed42.pt
2026-04-28T13:14:26.201246+00:00,E3_permutation,heco_disc_lr_finetune,42,65,0.9983739837398372,90,0.813850998878479,0.9983739837398372,0.9878048780487804,1.0,1.0,0.988095238095238,0.9384203480589022,0.9761904761904762,1.0,0.1476595338686967,4.680701732635498,E3_permutation,38,bcdot,4,<workspace_root>\output\week5\checkpoints\heco_encoder__tau0.7__seed42.pt
2026-04-28T13:14:37.811365+00:00,E3_permutation,heco_disc_lr_finetune,42,200,1.0,200,0.9994230270385742,1.0,1.0,1.0,1.0,0.75,0.8208333333333333,1.0,0.5,0.0924839175887777,11.345476865768433,E3_permutation,39,verdecasino,4,<workspace_root>\output\week5\checkpoints\heco_encoder__tau0.7__seed42.pt
2026-04-28T13:14:44.661435+00:00,E3_permutation,heco_disc_lr_finetune,42,52,1.0,77,0.8328295946121216,1.0,1.0,1.0,1.0,0.9761904761904762,0.8211382113821137,0.9523809523809524,1.0,0.1003450366131144,6.53946328163147,E3_permutation,40,freshbet,2,<workspace_root>\output\week5\checkpoints\heco_encoder__tau0.7__seed42.pt
2026-04-28T13:14:49.451388+00:00,E3_permutation,heco_disc_lr_finetune,42,16,0.9951219512195122,50,0.2276177555322647,0.9951219512195122,0.9878048780487804,0.9878048780487804,0.8333333333333333,0.9878048780487804,0.8938271604938272,0.975609756097561,1.0,0.1345713971355973,4.414628982543945,E3_permutation,41,bcgame,2,<workspace_root>\output\week5\checkpoints\heco_encoder__tau0.7__seed42.pt
2026-04-28T13:14:53.800647+00:00,E3_permutation,heco_disc_lr_finetune,42,15,0.9868667917448404,50,0.1667087078094482,0.9868667917448404,0.9390243902439024,0.9609756097560976,0.8969172932330827,0.8634146341463416,0.8500881834215167,0.926829268292683,0.8,0.12774174269654,3.9841909408569336,E3_permutation,42,ggbet,10,<workspace_root>\output\week5\checkpoints\heco_encoder__tau0.7__seed42.pt
2026-04-28T13:14:58.374353+00:00,E3_permutation,heco_disc_lr_finetune,42,29,0.9982578397212544,54,0.47157683968544,0.9982578397212544,0.9878048780487804,0.9841269841269842,0.9435897435897438,0.9206349206349206,0.9029803424223208,0.9523809523809524,0.8888888888888888,0.1211545927614177,4.205489158630371,E3_permutation,43,tsars,9,<workspace_root>\output\week5\checkpoints\heco_encoder__tau0.7__seed42.pt
2026-04-28T13:15:15.206226+00:00,E3_permutation,heco_disc_lr_finetune,42,200,1.0,200,0.7446393966674805,1.0,1.0,1.0,1.0,1.0,1.0,1.0,1.0,0.126684993881304,16.452991247177124,E3_permutation,44,icecasino,6,<workspace_root>\output\week5\checkpoints\heco_encoder__tau0.7__seed42.pt
2026-04-28T13:15:26.533401+00:00,E3_permutation,heco_disc_lr_finetune,42,200,1.0,200,0.5474456548690796,1.0,1.0,1.0,1.0,1.0,1.0,1.0,1.0,0.1011970623786363,11.024986028671265,E3_permutation,45,bcdot,4,<workspace_root>\output\week5\checkpoints\heco_encoder__tau0.7__seed42.pt
2026-04-28T13:15:38.141435+00:00,E3_permutation,heco_disc_lr_finetune,42,200,1.0,200,0.7364131212234497,1.0,1.0,1.0,1.0,0.988095238095238,0.9384203480589022,0.9761904761904762,1.0,0.1074432370489688,11.347731351852415,E3_permutation,46,verdecasino,4,<workspace_root>\output\week5\checkpoints\heco_encoder__tau0.7__seed42.pt
2026-04-28T13:15:50.096998+00:00,E3_permutation,heco_disc_lr_finetune,42,200,1.0,200,0.9856944680213928,1.0,1.0,1.0,1.0,1.0,1.0,1.0,1.0,0.0510193159308037,11.69684100151062,E3_permutation,47,freshbet,2,<workspace_root>\output\week5\checkpoints\heco_encoder__tau0.7__seed42.pt
2026-04-28T13:15:54.791475+00:00,E3_permutation,heco_disc_lr_finetune,42,56,1.0,81,0.8729023337364197,1.0,1.0,1.0,1.0,1.0,1.0,1.0,1.0,0.1112273249841625,4.367969751358032,E3_permutation,48,bcgame,2,<workspace_root>\output\week5\checkpoints\heco_encoder__tau0.7__seed42.pt
2026-04-28T13:16:06.522793+00:00,E3_permutation,heco_disc_lr_finetune,42,200,1.0,200,0.3549181222915649,1.0,1.0,1.0,1.0,1.0,1.0,1.0,1.0,0.181737981862595,11.44031810760498,E3_permutation,49,ggbet,10,<workspace_root>\output\week5\checkpoints\heco_encoder__tau0.7__seed42.pt
2026-04-28T13:16:11.955737+00:00,E3_permutation,heco_disc_lr_finetune,42,72,0.9982578397212544,97,0.8554804921150208,0.9982578397212544,0.9878048780487804,0.997289972899729,0.9888888888888888,0.9878048780487804,0.9675113710201428,0.975609756097561,1.0,0.2239534883818411,5.143664598464966,E3_permutation,50,tsars,9,<workspace_root>\output\week5\checkpoints\heco_encoder__tau0.7__seed42.pt
2026-04-28T13:16:15.072440+00:00,E3_permutation,heco_disc_lr_finetune,42,27,0.9790940766550522,52,0.3649382293224334,0.9790940766550522,0.9390243902439024,0.992063492063492,0.9583333333333334,0.8928571428571428,0.8665430954587581,0.9523809523809524,0.8333333333333334,0.0873094703577494,2.8481810092926025,E3_permutation,51,icecasino,6,<workspace_root>\output\week5\checkpoints\heco_encoder__tau0.7__seed42.pt
2026-04-28T13:16:18.642501+00:00,E3_permutation,heco_disc_lr_finetune,42,38,0.9983739837398372,63,0.5764864087104797,0.9983739837398372,0.9878048780487804,0.9821428571428572,0.8928571428571428,0.8630952380952381,0.8630952380952381,0.9761904761904762,0.75,0.1021812687745144,3.279791831970215,E3_permutation,52,bcdot,4,<workspace_root>\output\week5\checkpoints\heco_encoder__tau0.7__seed42.pt
2026-04-28T13:16:22.029110+00:00,E3_permutation,heco_disc_lr_finetune,42,31,0.9951219512195122,56,0.4900109469890594,0.9951219512195122,0.9878048780487804,1.0,1.0,0.9761904761904762,0.8878048780487805,0.9523809523809524,1.0,0.0750861663142714,3.121965408325196,E3_permutation,53,verdecasino,4,<workspace_root>\output\week5\checkpoints\heco_encoder__tau0.7__seed42.pt
2026-04-28T13:16:33.742252+00:00,E3_permutation,heco_disc_lr_finetune,42,200,1.0,200,0.8631706833839417,1.0,1.0,1.0,1.0,1.0,1.0,1.0,1.0,0.0650376820477765,11.452887773513794,E3_permutation,54,freshbet,2,<workspace_root>\output\week5\checkpoints\heco_encoder__tau0.7__seed42.pt
2026-04-28T13:16:45.400353+00:00,E3_permutation,heco_disc_lr_finetune,42,200,1.0,200,0.9238716959953308,1.0,1.0,1.0,1.0,1.0,1.0,1.0,1.0,0.0657960946327834,11.38443899154663,E3_permutation,55,bcgame,2,<workspace_root>\output\week5\checkpoints\heco_encoder__tau0.7__seed42.pt
2026-04-28T13:16:56.630665+00:00,E3_permutation,heco_disc_lr_finetune,42,200,1.0,200,0.9972057938575744,1.0,1.0,1.0,1.0,0.988095238095238,0.970166379804934,0.9761904761904762,1.0,0.2126703961868235,10.97479486465454,E3_permutation,56,ggbet,10,<workspace_root>\output\week5\checkpoints\heco_encoder__tau0.7__seed42.pt
2026-04-28T13:17:04.764902+00:00,E3_permutation,heco_disc_lr_finetune,42,118,0.994773519163763,143,0.6608680486679077,0.994773519163763,0.9878048780487804,1.0,1.0,1.0,1.0,1.0,1.0,0.1824902736670472,7.872783422470093,E3_permutation,57,tsars,9,<workspace_root>\output\week5\checkpoints\heco_encoder__tau0.7__seed42.pt
2026-04-28T13:17:16.286307+00:00,E3_permutation,heco_disc_lr_finetune,42,200,1.0,200,0.9436649680137634,1.0,1.0,1.0,1.0,1.0,1.0,1.0,1.0,0.1282764053243105,11.244173765182495,E3_permutation,58,icecasino,6,<workspace_root>\output\week5\checkpoints\heco_encoder__tau0.7__seed42.pt
2026-04-28T13:17:27.698210+00:00,E3_permutation,heco_disc_lr_finetune,42,200,1.0,200,0.9116116166114808,1.0,1.0,1.0,1.0,0.9878048780487804,0.9382716049382716,0.975609756097561,1.0,0.1108697385838083,11.151014804840088,E3_permutation,59,bcdot,4,<workspace_root>\output\week5\checkpoints\heco_encoder__tau0.7__seed42.pt
2026-04-28T13:17:39.334750+00:00,E3_permutation,heco_disc_lr_finetune,42,200,1.0,200,0.9934931397438048,1.0,1.0,1.0,1.0,1.0,1.0,1.0,1.0,0.0972311632425288,11.368436813354492,E3_permutation,60,verdecasino,4,<workspace_root>\output\week5\checkpoints\heco_encoder__tau0.7__seed42.pt
2026-04-28T13:17:45.121174+00:00,E3_permutation,heco_disc_lr_finetune,42,77,1.0,102,0.9689117074012756,1.0,1.0,0.9878048780487804,0.8333333333333333,0.75,0.8273092369477911,1.0,0.5,0.0837878279364922,5.521755218505859,E3_permutation,61,freshbet,2,<workspace_root>\output\week5\checkpoints\heco_encoder__tau0.7__seed42.pt
2026-04-28T13:17:56.487043+00:00,E3_permutation,heco_disc_lr_finetune,42,200,1.0,200,0.1967646479606628,1.0,1.0,1.0,1.0,1.0,1.0,1.0,1.0,0.0475063599158387,11.063726425170898,E3_permutation,62,bcgame,2,<workspace_root>\output\week5\checkpoints\heco_encoder__tau0.7__seed42.pt
2026-04-28T13:18:08.118941+00:00,E3_permutation,heco_disc_lr_finetune,42,200,0.9962476547842402,200,0.9869399070739746,0.9962476547842402,0.9878048780487804,1.0,1.0,1.0,1.0,1.0,1.0,0.1954590090288129,11.368189573287964,E3_permutation,63,ggbet,10,<workspace_root>\output\week5\checkpoints\heco_encoder__tau0.7__seed42.pt
2026-04-28T13:18:14.270855+00:00,E3_permutation,heco_disc_lr_finetune,42,81,1.0,106,0.9689863920211792,1.0,1.0,0.9894179894179894,0.9467813051146384,0.7658730158730158,0.8045977011494252,0.9761904761904762,0.5555555555555556,0.2119440084558154,5.887998819351196,E3_permutation,64,tsars,9,<workspace_root>\output\week5\checkpoints\heco_encoder__tau0.7__seed42.pt
2026-04-28T13:18:25.858604+00:00,E3_permutation,heco_disc_lr_finetune,42,200,1.0,200,0.9387288689613342,1.0,1.0,1.0,1.0,1.0,1.0,1.0,1.0,0.1687605299712425,11.209535837173462,E3_permutation,65,icecasino,6,<workspace_root>\output\week5\checkpoints\heco_encoder__tau0.7__seed42.pt
2026-04-28T13:18:31.091422+00:00,E3_permutation,heco_disc_lr_finetune,42,61,1.0,86,0.8730800151824951,1.0,1.0,0.9821428571428572,0.8041666666666667,0.8630952380952381,0.8630952380952381,0.9761904761904762,0.75,0.1244095581144178,4.955305576324463,E3_permutation,66,bcdot,4,<workspace_root>\output\week5\checkpoints\heco_encoder__tau0.7__seed42.pt
2026-04-28T13:18:42.933120+00:00,E3_permutation,heco_disc_lr_finetune,42,200,1.0,200,0.4871524572372436,1.0,1.0,1.0,1.0,1.0,1.0,1.0,1.0,0.0879962403296611,11.540785789489746,E3_permutation,67,verdecasino,4,<workspace_root>\output\week5\checkpoints\heco_encoder__tau0.7__seed42.pt
2026-04-28T13:18:52.384975+00:00,E3_permutation,heco_disc_lr_finetune,42,142,1.0,167,0.1548386961221695,1.0,1.0,1.0,1.0,1.0,1.0,1.0,1.0,0.0486580683464005,9.179537057876589,E3_permutation,68,freshbet,2,<workspace_root>\output\week5\checkpoints\heco_encoder__tau0.7__seed42.pt
2026-04-28T13:19:04.085760+00:00,E3_permutation,heco_disc_lr_finetune,42,200,1.0,200,0.9992013573646544,1.0,1.0,1.0,1.0,1.0,1.0,1.0,1.0,0.0700661849792462,11.429711103439333,E3_permutation,69,bcgame,2,<workspace_root>\output\week5\checkpoints\heco_encoder__tau0.7__seed42.pt
2026-04-28T13:19:15.284090+00:00,E3_permutation,heco_disc_lr_finetune,42,200,1.0,200,0.59437096118927,1.0,1.0,1.0,1.0,1.0,1.0,1.0,1.0,0.2065465495871695,10.937199115753174,E3_permutation,70,ggbet,10,<workspace_root>\output\week5\checkpoints\heco_encoder__tau0.7__seed42.pt
2026-04-28T13:19:27.086663+00:00,E3_permutation,heco_disc_lr_finetune,42,183,1.0,200,0.2317720055580139,1.0,1.0,1.0,1.0,1.0,1.0,1.0,1.0,0.1800899751205888,11.550441026687622,E3_permutation,71,tsars,9,<workspace_root>\output\week5\checkpoints\heco_encoder__tau0.7__seed42.pt
2026-04-28T13:19:38.988067+00:00,E3_permutation,heco_disc_lr_finetune,42,200,1.0,200,0.9261135458946228,1.0,1.0,1.0,1.0,0.9166666666666669,0.9485213581599125,1.0,0.8333333333333334,0.1356043609453498,11.649062395095823,E3_permutation,72,icecasino,6,<workspace_root>\output\week5\checkpoints\heco_encoder__tau0.7__seed42.pt
2026-04-28T13:19:50.658592+00:00,E3_permutation,heco_disc_lr_finetune,42,200,1.0,200,0.916858732700348,1.0,1.0,1.0,1.0,1.0,1.0,1.0,1.0,0.0998993094417791,11.40311884880066,E3_permutation,73,bcdot,4,<workspace_root>\output\week5\checkpoints\heco_encoder__tau0.7__seed42.pt
2026-04-28T13:20:02.557534+00:00,E3_permutation,heco_disc_lr_finetune,42,200,1.0,200,0.9725454449653624,1.0,1.0,1.0,1.0,1.0,1.0,1.0,1.0,0.0984735666718658,11.636581659317017,E3_permutation,74,verdecasino,4,<workspace_root>\output\week5\checkpoints\heco_encoder__tau0.7__seed42.pt
2026-04-28T13:20:07.253467+00:00,E3_permutation,heco_disc_lr_finetune,42,56,1.0,81,0.8351778984069824,1.0,1.0,0.9878048780487804,0.8333333333333333,0.75,0.8273092369477911,1.0,0.5,0.1033425588256674,4.3875062465667725,E3_permutation,75,freshbet,2,<workspace_root>\output\week5\checkpoints\heco_encoder__tau0.7__seed42.pt
2026-04-28T13:20:19.015616+00:00,E3_permutation,heco_disc_lr_finetune,42,200,1.0,200,0.933826982975006,1.0,1.0,1.0,1.0,1.0,1.0,1.0,1.0,0.0455928191356055,11.514806509017944,E3_permutation,76,bcgame,2,<workspace_root>\output\week5\checkpoints\heco_encoder__tau0.7__seed42.pt
2026-04-28T13:20:30.782223+00:00,E3_permutation,heco_disc_lr_finetune,42,200,1.0,200,0.9975353479385376,1.0,1.0,1.0,1.0,1.0,1.0,1.0,1.0,0.2122500677759744,11.467331647872925,E3_permutation,77,ggbet,10,<workspace_root>\output\week5\checkpoints\heco_encoder__tau0.7__seed42.pt
2026-04-28T13:20:42.453453+00:00,E3_permutation,heco_disc_lr_finetune,42,200,1.0,200,0.4051782786846161,1.0,1.0,1.0,1.0,1.0,1.0,1.0,1.0,0.1766147550589545,11.315822839736938,E3_permutation,78,tsars,9,<workspace_root>\output\week5\checkpoints\heco_encoder__tau0.7__seed42.pt
2026-04-28T13:20:53.960949+00:00,E3_permutation,heco_disc_lr_finetune,42,200,1.0,200,0.9941880702972412,1.0,1.0,1.0,1.0,0.8333333333333333,0.8883720930232558,1.0,0.6666666666666666,0.1465424669697173,11.236955165863035,E3_permutation,79,icecasino,6,<workspace_root>\output\week5\checkpoints\heco_encoder__tau0.7__seed42.pt
2026-04-28T13:21:05.639957+00:00,E3_permutation,heco_disc_lr_finetune,42,200,1.0,200,0.9043877720832824,1.0,1.0,1.0,1.0,1.0,1.0,1.0,1.0,0.0877024693355163,11.41003441810608,E3_permutation,80,bcdot,4,<workspace_root>\output\week5\checkpoints\heco_encoder__tau0.7__seed42.pt
2026-04-28T13:21:17.321454+00:00,E3_permutation,heco_disc_lr_finetune,42,200,1.0,200,0.9994475245475768,1.0,1.0,1.0,1.0,0.875,0.9225473321858864,1.0,0.75,0.0898205205384307,11.403650522232056,E3_permutation,81,verdecasino,4,<workspace_root>\output\week5\checkpoints\heco_encoder__tau0.7__seed42.pt
2026-04-28T13:21:28.667812+00:00,E3_permutation,heco_disc_lr_finetune,42,200,1.0,200,0.7734988331794739,1.0,1.0,1.0,1.0,0.988095238095238,0.8939759036144579,0.9761904761904762,1.0,0.0693921255748368,11.06036901473999,E3_permutation,82,freshbet,2,<workspace_root>\output\week5\checkpoints\heco_encoder__tau0.7__seed42.pt
2026-04-28T13:21:34.553536+00:00,E3_permutation,heco_disc_lr_finetune,42,76,1.0,101,0.7426546812057495,1.0,1.0,1.0,1.0,0.9878048780487804,0.8938271604938272,0.975609756097561,1.0,0.0768986682640641,5.597708940505981,E3_permutation,83,bcgame,2,<workspace_root>\output\week5\checkpoints\heco_encoder__tau0.7__seed42.pt
2026-04-28T13:21:46.400926+00:00,E3_permutation,heco_disc_lr_finetune,42,200,1.0,200,0.6385502219200134,1.0,1.0,1.0,1.0,1.0,1.0,1.0,1.0,0.1891754929932139,11.58104681968689,E3_permutation,84,ggbet,10,<workspace_root>\output\week5\checkpoints\heco_encoder__tau0.7__seed42.pt
2026-04-28T13:21:58.027468+00:00,E3_permutation,heco_disc_lr_finetune,42,200,1.0,200,0.9801350235939026,1.0,1.0,1.0,1.0,0.8888888888888888,0.9258720930232558,1.0,0.7777777777777778,0.1725928871637753,11.35531497001648,E3_permutation,85,tsars,9,<workspace_root>\output\week5\checkpoints\heco_encoder__tau0.7__seed42.pt
2026-04-28T13:22:09.758418+00:00,E3_permutation,heco_disc_lr_finetune,42,200,1.0,200,0.8135192394256592,1.0,1.0,1.0,1.0,1.0,1.0,1.0,1.0,0.1344032993329355,11.454160451889038,E3_permutation,86,icecasino,6,<workspace_root>\output\week5\checkpoints\heco_encoder__tau0.7__seed42.pt
2026-04-28T13:22:16.203513+00:00,E3_permutation,heco_disc_lr_finetune,42,88,0.9983739837398372,113,0.8851927518844604,0.9983739837398372,0.9878048780487804,0.988095238095238,0.8875,0.7380952380952381,0.7680672268907562,0.9761904761904762,0.5,0.1292830564554717,6.122996330261231,E3_permutation,87,bcdot,4,<workspace_root>\output\week5\checkpoints\heco_encoder__tau0.7__seed42.pt
2026-04-28T13:22:27.110704+00:00,E3_permutation,heco_disc_lr_finetune,42,166,1.0,191,0.5809847116470337,1.0,1.0,1.0,1.0,1.0,1.0,1.0,1.0,0.0884294909737438,10.638340711593628,E3_permutation,88,verdecasino,4,<workspace_root>\output\week5\checkpoints\heco_encoder__tau0.7__seed42.pt
2026-04-28T13:22:39.075772+00:00,E3_permutation,heco_disc_lr_finetune,42,200,1.0,200,0.9669468402862548,1.0,1.0,1.0,1.0,0.9878048780487804,0.8938271604938272,0.975609756097561,1.0,0.072784844196614,11.707056045532228,E3_permutation,89,freshbet,2,<workspace_root>\output\week5\checkpoints\heco_encoder__tau0.7__seed42.pt
2026-04-28T13:22:50.714871+00:00,E3_permutation,heco_disc_lr_finetune,42,200,1.0,200,0.9803117513656616,1.0,1.0,1.0,1.0,1.0,1.0,1.0,1.0,0.0455400961244486,11.348098754882812,E3_permutation,90,bcgame,2,<workspace_root>\output\week5\checkpoints\heco_encoder__tau0.7__seed42.pt
2026-04-28T13:23:02.444049+00:00,E3_permutation,heco_disc_lr_finetune,42,200,1.0,200,0.5982474088668823,1.0,1.0,1.0,1.0,0.9878048780487804,0.9700176366843032,0.975609756097561,1.0,0.2156931855337281,11.377630472183228,E3_permutation,91,ggbet,10,<workspace_root>\output\week5\checkpoints\heco_encoder__tau0.7__seed42.pt
2026-04-28T13:23:06.195530+00:00,E3_permutation,heco_disc_lr_finetune,42,39,0.9878048780487804,64,0.5096789002418518,0.9878048780487804,0.951219512195122,0.992063492063492,0.9674523007856342,0.9761904761904762,0.9378048780487804,0.9523809523809524,1.0,0.1240349187856049,3.4541916847229004,E3_permutation,92,tsars,9,<workspace_root>\output\week5\checkpoints\heco_encoder__tau0.7__seed42.pt
2026-04-28T13:23:18.202872+00:00,E3_permutation,heco_disc_lr_finetune,42,200,1.0,200,0.8381595015525818,1.0,1.0,1.0,1.0,1.0,1.0,1.0,1.0,0.129719418324509,11.744123458862305,E3_permutation,93,icecasino,6,<workspace_root>\output\week5\checkpoints\heco_encoder__tau0.7__seed42.pt
2026-04-28T13:23:29.931121+00:00,E3_permutation,heco_disc_lr_finetune,42,200,1.0,200,0.9986889958381652,1.0,1.0,1.0,1.0,1.0,1.0,1.0,1.0,0.0934078385914647,11.44563102722168,E3_permutation,94,bcdot,4,<workspace_root>\output\week5\checkpoints\heco_encoder__tau0.7__seed42.pt
2026-04-28T13:23:37.749230+00:00,E3_permutation,heco_disc_lr_finetune,42,109,1.0,134,0.7388191819190979,1.0,1.0,1.0,1.0,1.0,1.0,1.0,1.0,0.0933494324980413,7.543171405792236,E3_permutation,95,verdecasino,4,<workspace_root>\output\week5\checkpoints\heco_encoder__tau0.7__seed42.pt
2026-04-28T13:23:49.532469+00:00,E3_permutation,heco_disc_lr_finetune,42,200,1.0,200,0.9972925782203674,1.0,1.0,0.9878048780487804,0.8333333333333333,0.7378048780487805,0.7378048780487805,0.975609756097561,0.5,0.0695122959815783,11.513647079467772,E3_permutation,96,freshbet,2,<workspace_root>\output\week5\checkpoints\heco_encoder__tau0.7__seed42.pt
2026-04-28T13:24:01.229483+00:00,E3_permutation,heco_disc_lr_finetune,42,200,0.9967479674796748,200,0.3759550750255584,0.9967479674796748,0.9878048780487804,1.0,1.0,1.0,1.0,1.0,1.0,0.0561410531721335,11.426742315292358,E3_permutation,97,bcgame,2,<workspace_root>\output\week5\checkpoints\heco_encoder__tau0.7__seed42.pt
2026-04-28T13:24:12.938029+00:00,E3_permutation,heco_disc_lr_finetune,42,200,1.0,200,0.9954655766487122,1.0,1.0,1.0,1.0,1.0,1.0,1.0,1.0,0.2096073816119171,11.420718908309937,E3_permutation,98,ggbet,10,<workspace_root>\output\week5\checkpoints\heco_encoder__tau0.7__seed42.pt
2026-04-28T13:24:19.558940+00:00,E3_permutation,heco_disc_lr_finetune,42,91,0.994773519163763,116,0.954868733882904,0.994773519163763,0.9642857142857144,0.955026455026455,0.8888888888888891,0.876984126984127,0.8941176470588235,0.9761904761904762,0.7777777777777778,0.2759956525220948,6.325740575790405,E3_permutation,99,tsars,9,<workspace_root>\output\week5\checkpoints\heco_encoder__tau0.7__seed42.pt
2026-04-28T13:25:05.712513+00:00,E3_permutation,heco_disc_lr_finetune,43,200,1.0,200,0.9103062748908995,1.0,1.0,1.0,1.0,0.95,0.9676601141407736,1.0,0.9,0.2089280092866183,10.123773097991943,E3_permutation,0,ggbet,10,<workspace_root>\output\week6\checkpoints\heco_encoder__tau0.7__seed43.pt
2026-04-28T13:25:16.533796+00:00,E3_permutation,heco_disc_lr_finetune,43,200,1.0,200,0.9998495578765868,1.0,1.0,1.0,1.0,0.9444444444444444,0.9645641389085756,1.0,0.8888888888888888,0.1810841857677999,10.581905126571655,E3_permutation,1,tsars,9,<workspace_root>\output\week6\checkpoints\heco_encoder__tau0.7__seed43.pt
2026-04-28T13:25:28.647067+00:00,E3_permutation,heco_disc_lr_finetune,43,200,1.0,200,0.980595588684082,1.0,1.0,1.0,1.0,1.0,1.0,1.0,1.0,0.1275871536009335,11.81070041656494,E3_permutation,2,icecasino,6,<workspace_root>\output\week6\checkpoints\heco_encoder__tau0.7__seed43.pt
2026-04-28T13:25:40.862841+00:00,E3_permutation,heco_disc_lr_finetune,43,200,1.0,200,0.9909356236457824,1.0,1.0,0.9939024390243902,0.95,0.875,0.9225473321858864,1.0,0.75,0.1095019800171188,11.94866156578064,E3_permutation,3,bcdot,4,<workspace_root>\output\week6\checkpoints\heco_encoder__tau0.7__seed43.pt
2026-04-28T13:25:44.088396+00:00,E3_permutation,heco_disc_lr_finetune,43,31,0.9967479674796748,56,0.5932904481887817,0.9967479674796748,0.9878048780487804,1.0,1.0,0.975609756097561,0.8875,0.951219512195122,1.0,0.1229007548976957,2.9628841876983643,E3_permutation,4,verdecasino,4,<workspace_root>\output\week6\checkpoints\heco_encoder__tau0.7__seed43.pt
2026-04-28T13:25:55.673572+00:00,E3_permutation,heco_disc_lr_finetune,43,200,1.0,200,0.8549756407737732,1.0,1.0,1.0,1.0,0.988095238095238,0.8939759036144579,0.9761904761904762,1.0,0.0657530289719892,11.312521934509276,E3_permutation,5,freshbet,2,<workspace_root>\output\week6\checkpoints\heco_encoder__tau0.7__seed43.pt
2026-04-28T13:26:07.602668+00:00,E3_permutation,heco_disc_lr_finetune,43,200,1.0,200,0.9915715456008912,1.0,1.0,1.0,1.0,1.0,1.0,1.0,1.0,0.0695621280309232,11.648286819458008,E3_permutation,6,bcgame,2,<workspace_root>\output\week6\checkpoints\heco_encoder__tau0.7__seed43.pt
2026-04-28T13:26:19.144694+00:00,E3_permutation,heco_disc_lr_finetune,43,200,1.0,200,0.1777841299772262,1.0,1.0,0.9976190476190476,0.990909090909091,0.988095238095238,0.970166379804934,0.9761904761904762,1.0,0.2112715972537202,11.255361080169678,E3_permutation,7,ggbet,10,<workspace_root>\output\week6\checkpoints\heco_encoder__tau0.7__seed43.pt
2026-04-28T13:26:23.941432+00:00,E3_permutation,heco_disc_lr_finetune,43,56,0.9982578397212544,81,0.3463611602783203,0.9982578397212544,0.9878048780487804,1.0,1.0,1.0,1.0,1.0,1.0,0.1695169319937638,4.523427486419678,E3_permutation,8,tsars,9,<workspace_root>\output\week6\checkpoints\heco_encoder__tau0.7__seed43.pt
2026-04-28T13:26:35.743413+00:00,E3_permutation,heco_disc_lr_finetune,43,200,1.0,200,0.9542589783668518,1.0,1.0,1.0,1.0,1.0,1.0,1.0,1.0,0.1349170435877723,11.512507677078249,E3_permutation,9,icecasino,6,<workspace_root>\output\week6\checkpoints\heco_encoder__tau0.7__seed43.pt
2026-04-28T13:26:40.920516+00:00,E3_permutation,heco_disc_lr_finetune,43,60,0.9934959349593496,85,0.615596354007721,0.9934959349593496,0.9878048780487804,1.0,1.0,1.0,1.0,1.0,1.0,0.100511080665025,4.899436950683594,E3_permutation,10,bcdot,4,<workspace_root>\output\week6\checkpoints\heco_encoder__tau0.7__seed43.pt
2026-04-28T13:26:52.700168+00:00,E3_permutation,heco_disc_lr_finetune,43,200,1.0,200,0.8432485461235046,1.0,1.0,1.0,1.0,1.0,1.0,1.0,1.0,0.0883120356100161,11.45938277244568,E3_permutation,11,verdecasino,4,<workspace_root>\output\week6\checkpoints\heco_encoder__tau0.7__seed43.pt
2026-04-28T13:27:04.315848+00:00,E3_permutation,heco_disc_lr_finetune,43,182,1.0,200,0.0968205705285072,1.0,1.0,1.0,1.0,0.988095238095238,0.8939759036144579,0.9761904761904762,1.0,0.0481442400586125,11.34215521812439,E3_permutation,12,freshbet,2,<workspace_root>\output\week6\checkpoints\heco_encoder__tau0.7__seed43.pt
2026-04-28T13:27:16.160327+00:00,E3_permutation,heco_disc_lr_finetune,43,200,1.0,200,0.9815168380737304,1.0,1.0,1.0,1.0,0.9878048780487804,0.8938271604938272,0.975609756097561,1.0,0.0707083553573041,11.549322605133057,E3_permutation,13,bcgame,2,<workspace_root>\output\week6\checkpoints\heco_encoder__tau0.7__seed43.pt
2026-04-28T13:27:27.928156+00:00,E3_permutation,heco_disc_lr_finetune,43,200,1.0,200,0.7699599862098694,1.0,1.0,1.0,1.0,1.0,1.0,1.0,1.0,0.1924881006722967,11.480085611343384,E3_permutation,14,ggbet,10,<workspace_root>\output\week6\checkpoints\heco_encoder__tau0.7__seed43.pt
2026-04-28T13:27:39.876713+00:00,E3_permutation,heco_disc_lr_finetune,43,200,1.0,200,0.3111980557441711,1.0,1.0,1.0,1.0,1.0,1.0,1.0,1.0,0.1794639115081938,11.667983531951904,E3_permutation,15,tsars,9,<workspace_root>\output\week6\checkpoints\heco_encoder__tau0.7__seed43.pt
2026-04-28T13:27:52.186523+00:00,E3_permutation,heco_disc_lr_finetune,43,200,1.0,200,0.4551595747470855,1.0,1.0,1.0,1.0,1.0,1.0,1.0,1.0,0.1295350466625607,12.018807649612429,E3_permutation,16,icecasino,6,<workspace_root>\output\week6\checkpoints\heco_encoder__tau0.7__seed43.pt
2026-04-28T13:28:04.552544+00:00,E3_permutation,heco_disc_lr_finetune,43,200,1.0,200,0.9846855401992798,1.0,1.0,1.0,1.0,1.0,1.0,1.0,1.0,0.0888329094419259,12.084001302719116,E3_permutation,17,bcdot,4,<workspace_root>\output\week6\checkpoints\heco_encoder__tau0.7__seed43.pt
2026-04-28T13:28:11.904999+00:00,E3_permutation,heco_disc_lr_finetune,43,99,0.9983739837398372,124,0.9881843328475952,0.9983739837398372,0.9878048780487804,1.0,1.0,1.0,1.0,1.0,1.0,0.09745742558863,6.934122323989868,E3_permutation,18,verdecasino,4,<workspace_root>\output\week6\checkpoints\heco_encoder__tau0.7__seed43.pt
2026-04-28T13:28:18.719868+00:00,E3_permutation,heco_disc_lr_finetune,43,83,0.9983739837398372,108,0.9805087447166444,0.9983739837398372,0.9878048780487804,1.0,1.0,1.0,1.0,1.0,1.0,0.0733706707525338,6.519050359725952,E3_permutation,19,freshbet,2,<workspace_root>\output\week6\checkpoints\heco_encoder__tau0.7__seed43.pt
2026-04-28T13:28:30.570088+00:00,E3_permutation,heco_disc_lr_finetune,43,200,1.0,200,0.9797284007072448,1.0,1.0,1.0,1.0,1.0,1.0,1.0,1.0,0.0500558840271395,11.541111946105955,E3_permutation,20,bcgame,2,<workspace_root>\output\week6\checkpoints\heco_encoder__tau0.7__seed43.pt
2026-04-28T13:28:36.078981+00:00,E3_permutation,heco_disc_lr_finetune,43,67,1.0,92,0.8111253976821899,1.0,1.0,0.9928571428571428,0.9697979797979798,0.938095238095238,0.938095238095238,0.9761904761904762,0.9,0.2218796875362232,5.157552719116211,E3_permutation,21,ggbet,10,<workspace_root>\output\week6\checkpoints\heco_encoder__tau0.7__seed43.pt
2026-04-28T13:28:39.086779+00:00,E3_permutation,heco_disc_lr_finetune,43,23,1.0,50,0.567827582359314,1.0,1.0,0.9682539682539684,0.8567901234567903,0.8095238095238095,0.8235294117647058,0.9523809523809524,0.6666666666666666,0.189855584947745,2.724135160446167,E3_permutation,22,tsars,9,<workspace_root>\output\week6\checkpoints\heco_encoder__tau0.7__seed43.pt
2026-04-28T13:28:50.935871+00:00,E3_permutation,heco_disc_lr_finetune,43,200,1.0,200,0.9943886399269104,1.0,1.0,1.0,1.0,1.0,1.0,1.0,1.0,0.1482065654822432,11.570095777511597,E3_permutation,23,icecasino,6,<workspace_root>\output\week6\checkpoints\heco_encoder__tau0.7__seed43.pt
2026-04-28T13:29:02.887846+00:00,E3_permutation,heco_disc_lr_finetune,43,200,1.0,200,0.9422556161880492,1.0,1.0,1.0,1.0,0.988095238095238,0.9384203480589022,0.9761904761904762,1.0,0.1111074831782215,11.672550916671751,E3_permutation,24,bcdot,4,<workspace_root>\output\week6\checkpoints\heco_encoder__tau0.7__seed43.pt
2026-04-28T13:29:14.819225+00:00,E3_permutation,heco_disc_lr_finetune,43,200,1.0,200,0.3669177293777466,1.0,1.0,1.0,1.0,1.0,1.0,1.0,1.0,0.0906018836006612,11.652607440948486,E3_permutation,25,verdecasino,4,<workspace_root>\output\week6\checkpoints\heco_encoder__tau0.7__seed43.pt
2026-04-28T13:29:26.654445+00:00,E3_permutation,heco_disc_lr_finetune,43,200,1.0,200,0.9608147144317628,1.0,1.0,1.0,1.0,1.0,1.0,1.0,1.0,0.0724081737722728,11.551856756210327,E3_permutation,26,freshbet,2,<workspace_root>\output\week6\checkpoints\heco_encoder__tau0.7__seed43.pt
2026-04-28T13:29:39.430542+00:00,E3_permutation,heco_disc_lr_finetune,43,200,1.0,200,0.9758791923522948,1.0,1.0,1.0,1.0,1.0,1.0,1.0,1.0,0.04651935400004,12.49659538269043,E3_permutation,27,bcgame,2,<workspace_root>\output\week6\checkpoints\heco_encoder__tau0.7__seed43.pt
2026-04-28T13:29:51.680472+00:00,E3_permutation,heco_disc_lr_finetune,43,200,1.0,200,0.7200577259063721,1.0,1.0,1.0,1.0,0.95,0.9676601141407736,1.0,0.9,0.1843631563823925,11.943262577056885,E3_permutation,28,ggbet,10,<workspace_root>\output\week6\checkpoints\heco_encoder__tau0.7__seed43.pt
2026-04-28T13:30:03.514175+00:00,E3_permutation,heco_disc_lr_finetune,43,200,1.0,200,0.9979087114334106,1.0,1.0,0.991869918699187,0.9674523007856342,0.975609756097561,0.9375,0.951219512195122,1.0,0.2204756208638616,11.527481079101562,E3_permutation,29,tsars,9,<workspace_root>\output\week6\checkpoints\heco_encoder__tau0.7__seed43.pt
2026-04-28T13:30:15.108467+00:00,E3_permutation,heco_disc_lr_finetune,43,200,1.0,200,0.9755356907844543,1.0,1.0,1.0,1.0,0.9166666666666669,0.9485213581599125,1.0,0.8333333333333334,0.132327939844966,11.313609838485718,E3_permutation,30,icecasino,6,<workspace_root>\output\week6\checkpoints\heco_encoder__tau0.7__seed43.pt
2026-04-28T13:30:26.747541+00:00,E3_permutation,heco_disc_lr_finetune,43,200,1.0,200,0.9807817935943604,1.0,1.0,1.0,1.0,1.0,1.0,1.0,1.0,0.1090605601833427,11.327745199203491,E3_permutation,31,bcdot,4,<workspace_root>\output\week6\checkpoints\heco_encoder__tau0.7__seed43.pt
2026-04-28T13:30:45.192403+00:00,E3_permutation,heco_disc_lr_finetune,43,200,1.0,200,0.9945573806762696,1.0,1.0,0.9939024390243902,0.95,0.875,0.9225473321858864,1.0,0.75,0.0938578242592696,18.171151876449585,E3_permutation,32,verdecasino,4,<workspace_root>\output\week6\checkpoints\heco_encoder__tau0.7__seed43.pt
2026-04-28T13:31:04.568265+00:00,E3_permutation,heco_disc_lr_finetune,43,200,1.0,200,0.9949018955230712,1.0,1.0,1.0,1.0,1.0,1.0,1.0,1.0,0.0674000693471341,18.67229700088501,E3_permutation,33,freshbet,2,<workspace_root>\output\week6\checkpoints\heco_encoder__tau0.7__seed43.pt
2026-04-28T13:31:21.743753+00:00,E3_permutation,heco_disc_lr_finetune,43,159,0.9983739837398372,184,0.9733778238296508,0.9983739837398372,0.9878048780487804,1.0,1.0,1.0,1.0,1.0,1.0,0.0468110262446508,16.676608085632324,E3_permutation,34,bcgame,2,<workspace_root>\output\week6\checkpoints\heco_encoder__tau0.7__seed43.pt
2026-04-28T13:31:41.296066+00:00,E3_permutation,heco_disc_lr_finetune,43,200,1.0,200,0.9714587926864624,1.0,1.0,1.0,1.0,0.9,0.9328165374677002,1.0,0.8,0.158962260373844,19.08902645111084,E3_permutation,35,ggbet,10,<workspace_root>\output\week6\checkpoints\heco_encoder__tau0.7__seed43.pt
2026-04-28T13:31:48.572677+00:00,E3_permutation,heco_disc_lr_finetune,43,59,0.994773519163763,84,0.4991734623908996,0.994773519163763,0.9878048780487804,0.992063492063492,0.9674523007856342,0.9761904761904762,0.9378048780487804,0.9523809523809524,1.0,0.2189993425078288,6.818260431289673,E3_permutation,36,tsars,9,<workspace_root>\output\week6\checkpoints\heco_encoder__tau0.7__seed43.pt
2026-04-28T13:32:04.671399+00:00,E3_permutation,heco_disc_lr_finetune,43,200,1.0,200,0.9995225667953492,1.0,1.0,1.0,1.0,0.8333333333333333,0.8883720930232558,1.0,0.6666666666666666,0.1258311241727332,15.733551263809204,E3_permutation,37,icecasino,6,<workspace_root>\output\week6\checkpoints\heco_encoder__tau0.7__seed43.pt
2026-04-28T13:32:20.524486+00:00,E3_permutation,heco_disc_lr_finetune,43,200,1.0,200,0.9392789006233216,1.0,1.0,1.0,1.0,1.0,1.0,1.0,1.0,0.0929985350565972,15.52434253692627,E3_permutation,38,bcdot,4,<workspace_root>\output\week6\checkpoints\heco_encoder__tau0.7__seed43.pt
2026-04-28T13:32:35.922622+00:00,E3_permutation,heco_disc_lr_finetune,43,200,1.0,200,0.9754292964935304,1.0,1.0,0.988095238095238,0.8875,0.988095238095238,0.9384203480589022,0.9761904761904762,1.0,0.1085289193064312,15.050407648086548,E3_permutation,39,verdecasino,4,<workspace_root>\output\week6\checkpoints\heco_encoder__tau0.7__seed43.pt
2026-04-28T13:32:38.966343+00:00,E3_permutation,heco_disc_lr_finetune,43,27,0.9902439024390244,52,0.6881437301635742,0.9902439024390244,0.9878048780487804,1.0,1.0,0.9878048780487804,0.8938271604938272,0.975609756097561,1.0,0.091454252445736,2.7732112407684326,E3_permutation,40,freshbet,2,<workspace_root>\output\week6\checkpoints\heco_encoder__tau0.7__seed43.pt
2026-04-28T13:32:51.392490+00:00,E3_permutation,heco_disc_lr_finetune,43,200,1.0,200,0.6604554057121277,1.0,1.0,1.0,1.0,0.9634146341463414,0.7667269439421338,0.926829268292683,1.0,0.1128699723937387,12.12463879585266,E3_permutation,41,bcgame,2,<workspace_root>\output\week6\checkpoints\heco_encoder__tau0.7__seed43.pt
2026-04-28T13:33:02.779326+00:00,E3_permutation,heco_disc_lr_finetune,43,162,1.0,187,0.9991328120231628,1.0,1.0,1.0,1.0,0.7,0.7523809523809524,1.0,0.4,0.1919754921680433,11.091564178466797,E3_permutation,42,ggbet,10,<workspace_root>\output\week6\checkpoints\heco_encoder__tau0.7__seed43.pt
2026-04-28T13:33:15.270571+00:00,E3_permutation,heco_disc_lr_finetune,43,200,1.0,200,0.99595707654953,1.0,1.0,1.0,1.0,0.9444444444444444,0.9645641389085756,1.0,0.8888888888888888,0.1792210767958896,12.198962450027466,E3_permutation,43,tsars,9,<workspace_root>\output\week6\checkpoints\heco_encoder__tau0.7__seed43.pt
2026-04-28T13:33:27.718817+00:00,E3_permutation,heco_disc_lr_finetune,43,200,1.0,200,0.1561494022607803,1.0,1.0,0.9959349593495936,0.976190476190476,0.9878048780487804,0.9553656220322888,0.975609756097561,1.0,0.1478160003598478,12.16213035583496,E3_permutation,44,icecasino,6,<workspace_root>\output\week6\checkpoints\heco_encoder__tau0.7__seed43.pt
2026-04-28T13:33:40.548114+00:00,E3_permutation,heco_disc_lr_finetune,43,200,1.0,200,0.9091731905937196,1.0,1.0,1.0,1.0,1.0,1.0,1.0,1.0,0.1031107424223023,12.530770301818848,E3_permutation,45,bcdot,4,<workspace_root>\output\week6\checkpoints\heco_encoder__tau0.7__seed43.pt
2026-04-28T13:33:53.457269+00:00,E3_permutation,heco_disc_lr_finetune,43,200,1.0,200,0.0648922994732856,1.0,1.0,1.0,1.0,0.9878048780487804,0.9382716049382716,0.975609756097561,1.0,0.1041220895591284,12.615537643432615,E3_permutation,46,verdecasino,4,<workspace_root>\output\week6\checkpoints\heco_encoder__tau0.7__seed43.pt
2026-04-28T13:34:06.014647+00:00,E3_permutation,heco_disc_lr_finetune,43,200,0.9967479674796748,200,0.8195659518241882,0.9967479674796748,0.9878048780487804,1.0,1.0,1.0,1.0,1.0,1.0,0.0462069665944638,12.266045331954956,E3_permutation,47,freshbet,2,<workspace_root>\output\week6\checkpoints\heco_encoder__tau0.7__seed43.pt
2026-04-28T13:34:18.560944+00:00,E3_permutation,heco_disc_lr_finetune,43,200,1.0,200,0.6493935585021973,1.0,1.0,1.0,1.0,1.0,1.0,1.0,1.0,0.0464053731462351,12.246838092803957,E3_permutation,48,bcgame,2,<workspace_root>\output\week6\checkpoints\heco_encoder__tau0.7__seed43.pt
2026-04-28T13:34:25.859508+00:00,E3_permutation,heco_disc_lr_finetune,43,96,0.9962476547842402,121,0.4368714690208435,0.9962476547842402,0.9878048780487804,1.0,1.0,1.0,1.0,1.0,1.0,0.1985634359203689,7.003655910491943,E3_permutation,49,ggbet,10,<workspace_root>\output\week6\checkpoints\heco_encoder__tau0.7__seed43.pt
2026-04-28T13:34:38.530975+00:00,E3_permutation,heco_disc_lr_finetune,43,200,1.0,200,0.9789606332778932,1.0,1.0,1.0,1.0,0.9444444444444444,0.9647058823529412,1.0,0.8888888888888888,0.1722285066703879,12.370089769363403,E3_permutation,50,tsars,9,<workspace_root>\output\week6\checkpoints\heco_encoder__tau0.7__seed43.pt
2026-04-28T13:34:44.515969+00:00,E3_permutation,heco_disc_lr_finetune,43,68,0.9965156794425089,93,0.7484500408172607,0.9965156794425089,0.9878048780487804,1.0,1.0,1.0,1.0,1.0,1.0,0.1480194749277463,5.689972639083862,E3_permutation,51,icecasino,6,<workspace_root>\output\week6\checkpoints\heco_encoder__tau0.7__seed43.pt
2026-04-28T13:34:51.664945+00:00,E3_permutation,heco_disc_lr_finetune,43,93,0.9951219512195122,118,0.9437249898910522,0.9951219512195122,0.9878048780487804,1.0,1.0,0.875,0.9226890756302522,1.0,0.75,0.0860372553456065,6.845908880233765,E3_permutation,52,bcdot,4,<workspace_root>\output\week6\checkpoints\heco_encoder__tau0.7__seed43.pt
2026-04-28T13:35:04.254267+00:00,E3_permutation,heco_disc_lr_finetune,43,200,1.0,200,0.998504400253296,1.0,1.0,1.0,1.0,1.0,1.0,1.0,1.0,0.1087143356783114,12.2813081741333,E3_permutation,53,verdecasino,4,<workspace_root>\output\week6\checkpoints\heco_encoder__tau0.7__seed43.pt
2026-04-28T13:35:16.845404+00:00,E3_permutation,heco_disc_lr_finetune,43,200,1.0,200,0.9006253480911255,1.0,1.0,1.0,1.0,1.0,1.0,1.0,1.0,0.054535722910268,12.26639199256897,E3_permutation,54,freshbet,2,<workspace_root>\output\week6\checkpoints\heco_encoder__tau0.7__seed43.pt
2026-04-28T13:35:29.345533+00:00,E3_permutation,heco_disc_lr_finetune,43,200,1.0,200,0.9962666630744934,1.0,1.0,0.988095238095238,0.8333333333333333,0.988095238095238,0.8939759036144579,0.9761904761904762,1.0,0.0706532821910621,12.190974473953249,E3_permutation,55,bcgame,2,<workspace_root>\output\week6\checkpoints\heco_encoder__tau0.7__seed43.pt
2026-04-28T13:35:37.333912+00:00,E3_permutation,heco_disc_lr_finetune,43,104,0.99812382739212,129,0.990413248538971,0.99812382739212,0.9878048780487804,1.0,1.0,0.9,0.9325396825396826,1.0,0.8,0.2020113345947993,7.692537784576416,E3_permutation,56,ggbet,10,<workspace_root>\output\week6\checkpoints\heco_encoder__tau0.7__seed43.pt
2026-04-28T13:35:50.024383+00:00,E3_permutation,heco_disc_lr_finetune,43,200,1.0,200,0.9731123447418212,1.0,1.0,1.0,1.0,0.8888888888888888,0.925595238095238,1.0,0.7777777777777778,0.169823790233998,12.402000904083252,E3_permutation,57,tsars,9,<workspace_root>\output\week6\checkpoints\heco_encoder__tau0.7__seed43.pt
2026-04-28T13:36:02.658346+00:00,E3_permutation,heco_disc_lr_finetune,43,200,1.0,200,0.9873698353767396,1.0,1.0,1.0,1.0,1.0,1.0,1.0,1.0,0.1363916794784993,12.338463306427002,E3_permutation,58,icecasino,6,<workspace_root>\output\week6\checkpoints\heco_encoder__tau0.7__seed43.pt
2026-04-28T13:36:15.243783+00:00,E3_permutation,heco_disc_lr_finetune,43,200,1.0,200,0.9482989311218262,1.0,1.0,1.0,1.0,1.0,1.0,1.0,1.0,0.0943191257686294,12.292572975158691,E3_permutation,59,bcdot,4,<workspace_root>\output\week6\checkpoints\heco_encoder__tau0.7__seed43.pt
2026-04-28T13:36:26.502546+00:00,E3_permutation,heco_disc_lr_finetune,43,166,0.9951219512195122,191,0.7235702276229858,0.9951219512195122,0.9878048780487804,1.0,1.0,1.0,1.0,1.0,1.0,0.1046627484882162,10.949469089508057,E3_permutation,60,verdecasino,4,<workspace_root>\output\week6\checkpoints\heco_encoder__tau0.7__seed43.pt
2026-04-28T13:36:39.108611+00:00,E3_permutation,heco_disc_lr_finetune,43,200,1.0,200,0.9914617538452148,1.0,1.0,1.0,1.0,1.0,1.0,1.0,1.0,0.0500070911391719,12.312727451324465,E3_permutation,61,freshbet,2,<workspace_root>\output\week6\checkpoints\heco_encoder__tau0.7__seed43.pt
2026-04-28T13:36:44.416576+00:00,E3_permutation,heco_disc_lr_finetune,43,58,0.9983739837398374,83,0.8623167872428894,0.9983739837398374,0.9878048780487804,1.0,1.0,1.0,1.0,1.0,1.0,0.0962439625026689,4.976417064666748,E3_permutation,62,bcgame,2,<workspace_root>\output\week6\checkpoints\heco_encoder__tau0.7__seed43.pt
2026-04-28T13:36:51.841288+00:00,E3_permutation,heco_disc_lr_finetune,43,94,1.0,119,0.982780933380127,1.0,1.0,0.988095238095238,0.9430122655122654,0.838095238095238,0.8656330749354005,0.9761904761904762,0.7,0.1961196371040173,7.128293752670288,E3_permutation,63,ggbet,10,<workspace_root>\output\week6\checkpoints\heco_encoder__tau0.7__seed43.pt
2026-04-28T13:37:04.465130+00:00,E3_permutation,heco_disc_lr_finetune,43,200,1.0,200,0.8936543464660645,1.0,1.0,1.0,1.0,1.0,1.0,1.0,1.0,0.1896657638588623,12.320496559143066,E3_permutation,64,tsars,9,<workspace_root>\output\week6\checkpoints\heco_encoder__tau0.7__seed43.pt
2026-04-28T13:37:12.090190+00:00,E3_permutation,heco_disc_lr_finetune,43,97,1.0,122,0.9762840867042542,1.0,1.0,1.0,1.0,0.988095238095238,0.9555143651529194,0.9761904761904762,1.0,0.1504865342904658,7.321841478347778,E3_permutation,65,icecasino,6,<workspace_root>\output\week6\checkpoints\heco_encoder__tau0.7__seed43.pt
2026-04-28T13:37:24.788324+00:00,E3_permutation,heco_disc_lr_finetune,43,200,1.0,200,0.9988357424736024,1.0,1.0,1.0,1.0,1.0,1.0,1.0,1.0,0.1048315059244742,12.388065338134766,E3_permutation,66,bcdot,4,<workspace_root>\output\week6\checkpoints\heco_encoder__tau0.7__seed43.pt
2026-04-28T13:37:37.334579+00:00,E3_permutation,heco_disc_lr_finetune,43,189,1.0,200,0.1568159461021423,1.0,1.0,1.0,1.0,1.0,1.0,1.0,1.0,0.0893212510887763,12.242145776748655,E3_permutation,67,verdecasino,4,<workspace_root>\output\week6\checkpoints\heco_encoder__tau0.7__seed43.pt
2026-04-28T13:37:50.068227+00:00,E3_permutation,heco_disc_lr_finetune,43,200,1.0,200,0.9993324875831604,1.0,1.0,1.0,1.0,1.0,1.0,1.0,1.0,0.0708033562591093,12.437238454818726,E3_permutation,68,freshbet,2,<workspace_root>\output\week6\checkpoints\heco_encoder__tau0.7__seed43.pt
2026-04-28T13:38:02.816608+00:00,E3_permutation,heco_disc_lr_finetune,43,195,1.0,200,0.6512848138809204,1.0,1.0,1.0,1.0,1.0,1.0,1.0,1.0,0.055162837928916,12.441904067993164,E3_permutation,69,bcgame,2,<workspace_root>\output\week6\checkpoints\heco_encoder__tau0.7__seed43.pt
2026-04-28T13:38:15.473834+00:00,E3_permutation,heco_disc_lr_finetune,43,200,1.0,200,0.9329074025154114,1.0,1.0,1.0,1.0,1.0,1.0,1.0,1.0,0.1973288464549691,12.36012363433838,E3_permutation,70,ggbet,10,<workspace_root>\output\week6\checkpoints\heco_encoder__tau0.7__seed43.pt
2026-04-28T13:38:28.140548+00:00,E3_permutation,heco_disc_lr_finetune,43,200,1.0,200,0.9167742133140564,1.0,1.0,1.0,1.0,1.0,1.0,1.0,1.0,0.1799415034630153,12.367249727249146,E3_permutation,71,tsars,9,<workspace_root>\output\week6\checkpoints\heco_encoder__tau0.7__seed43.pt
2026-04-28T13:38:40.814858+00:00,E3_permutation,heco_disc_lr_finetune,43,200,1.0,200,0.989236295223236,1.0,1.0,1.0,1.0,1.0,1.0,1.0,1.0,0.1255975407705515,12.366375923156738,E3_permutation,72,icecasino,6,<workspace_root>\output\week6\checkpoints\heco_encoder__tau0.7__seed43.pt
2026-04-28T13:38:53.341805+00:00,E3_permutation,heco_disc_lr_finetune,43,200,1.0,200,0.920455813407898,1.0,1.0,1.0,1.0,1.0,1.0,1.0,1.0,0.0960041300033252,12.23644208908081,E3_permutation,73,bcdot,4,<workspace_root>\output\week6\checkpoints\heco_encoder__tau0.7__seed43.pt
2026-04-28T13:38:58.266687+00:00,E3_permutation,heco_disc_lr_finetune,43,54,0.9967479674796748,79,0.7560553550720215,0.9967479674796748,0.9878048780487804,1.0,1.0,0.9878048780487804,0.9382716049382716,0.975609756097561,1.0,0.1228892596174495,4.633301258087158,E3_permutation,74,verdecasino,4,<workspace_root>\output\week6\checkpoints\heco_encoder__tau0.7__seed43.pt
2026-04-28T13:39:10.980386+00:00,E3_permutation,heco_disc_lr_finetune,43,200,1.0,200,0.5737177133560181,1.0,1.0,1.0,1.0,1.0,1.0,1.0,1.0,0.0465903278943221,12.411771774291992,E3_permutation,75,freshbet,2,<workspace_root>\output\week6\checkpoints\heco_encoder__tau0.7__seed43.pt
2026-04-28T13:39:23.423657+00:00,E3_permutation,heco_disc_lr_finetune,43,200,1.0,200,0.9644735455513,1.0,1.0,1.0,1.0,1.0,1.0,1.0,1.0,0.0650491595934733,12.133371829986572,E3_permutation,76,bcgame,2,<workspace_root>\output\week6\checkpoints\heco_encoder__tau0.7__seed43.pt
2026-04-28T13:39:36.234173+00:00,E3_permutation,heco_disc_lr_finetune,43,200,1.0,200,0.4555030167102813,1.0,1.0,1.0,1.0,1.0,1.0,1.0,1.0,0.1819758717816442,12.513068437576294,E3_permutation,77,ggbet,10,<workspace_root>\output\week6\checkpoints\heco_encoder__tau0.7__seed43.pt
2026-04-28T13:39:48.795905+00:00,E3_permutation,heco_disc_lr_finetune,43,200,1.0,200,0.9898751378059388,1.0,1.0,0.9947089947089948,0.9765432098765432,0.8888888888888888,0.9258720930232558,1.0,0.7777777777777778,0.1950675680185536,12.261940956115724,E3_permutation,78,tsars,9,<workspace_root>\output\week6\checkpoints\heco_encoder__tau0.7__seed43.pt
2026-04-28T13:40:01.546991+00:00,E3_permutation,heco_disc_lr_finetune,43,200,1.0,200,0.9699968099594116,1.0,1.0,1.0,1.0,1.0,1.0,1.0,1.0,0.1276656709562285,12.440167903900146,E3_permutation,79,icecasino,6,<workspace_root>\output\week6\checkpoints\heco_encoder__tau0.7__seed43.pt
2026-04-28T13:40:14.739792+00:00,E3_permutation,heco_disc_lr_finetune,43,200,1.0,200,0.9927230477333068,1.0,1.0,1.0,1.0,0.875,0.9225473321858864,1.0,0.75,0.0882787058546803,12.88418960571289,E3_permutation,80,bcdot,4,<workspace_root>\output\week6\checkpoints\heco_encoder__tau0.7__seed43.pt
2026-04-28T13:40:27.594647+00:00,E3_permutation,heco_disc_lr_finetune,43,200,1.0,200,0.9957548379898072,1.0,1.0,1.0,1.0,0.988095238095238,0.9384203480589022,0.9761904761904762,1.0,0.1097263421776101,12.557875633239746,E3_permutation,81,verdecasino,4,<workspace_root>\output\week6\checkpoints\heco_encoder__tau0.7__seed43.pt
2026-04-28T13:40:35.827039+00:00,E3_permutation,heco_disc_lr_finetune,43,103,1.0,128,0.9003199934959412,1.0,1.0,1.0,1.0,0.9878048780487804,0.8938271604938272,0.975609756097561,1.0,0.0709106996559351,7.931262731552124,E3_permutation,82,freshbet,2,<workspace_root>\output\week6\checkpoints\heco_encoder__tau0.7__seed43.pt
2026-04-28T13:40:48.268531+00:00,E3_permutation,heco_disc_lr_finetune,43,200,1.0,200,0.968582808971405,1.0,1.0,1.0,1.0,1.0,1.0,1.0,1.0,0.0478341631672646,12.1266667842865,E3_permutation,83,bcgame,2,<workspace_root>\output\week6\checkpoints\heco_encoder__tau0.7__seed43.pt
2026-04-28T13:41:00.982601+00:00,E3_permutation,heco_disc_lr_finetune,43,200,1.0,200,0.9838116765022278,1.0,1.0,1.0,1.0,1.0,1.0,1.0,1.0,0.1993733180380544,12.41130542755127,E3_permutation,84,ggbet,10,<workspace_root>\output\week6\checkpoints\heco_encoder__tau0.7__seed43.pt
2026-04-28T13:41:11.678944+00:00,E3_permutation,heco_disc_lr_finetune,43,150,1.0,175,0.0171382073312997,1.0,1.0,1.0,1.0,0.975609756097561,0.9375,0.951219512195122,1.0,0.1818638260430952,10.340996265411375,E3_permutation,85,tsars,9,<workspace_root>\output\week6\checkpoints\heco_encoder__tau0.7__seed43.pt
2026-04-28T13:41:20.903687+00:00,E3_permutation,heco_disc_lr_finetune,43,124,1.0,149,0.99049711227417,1.0,1.0,0.992063492063492,0.9484126984126984,0.988095238095238,0.9555143651529194,0.9761904761904762,1.0,0.1489317028596467,8.864837646484375,E3_permutation,86,icecasino,6,<workspace_root>\output\week6\checkpoints\heco_encoder__tau0.7__seed43.pt
2026-04-28T13:41:33.646801+00:00,E3_permutation,heco_disc_lr_finetune,43,200,1.0,200,0.9855526089668274,1.0,1.0,1.0,1.0,1.0,1.0,1.0,1.0,0.0889366197610449,12.43949270248413,E3_permutation,87,bcdot,4,<workspace_root>\output\week6\checkpoints\heco_encoder__tau0.7__seed43.pt
2026-04-28T13:41:46.317165+00:00,E3_permutation,heco_disc_lr_finetune,43,200,1.0,200,0.2076129019260406,1.0,1.0,0.9939024390243902,0.95,0.9878048780487804,0.9382716049382716,0.975609756097561,1.0,0.1130640454074122,12.36762762069702,E3_permutation,88,verdecasino,4,<workspace_root>\output\week6\checkpoints\heco_encoder__tau0.7__seed43.pt
2026-04-28T13:41:58.748954+00:00,E3_permutation,heco_disc_lr_finetune,43,200,1.0,200,0.9998408555984496,1.0,1.0,1.0,1.0,1.0,1.0,1.0,1.0,0.0459467722598748,12.137781858444214,E3_permutation,89,freshbet,2,<workspace_root>\output\week6\checkpoints\heco_encoder__tau0.7__seed43.pt
2026-04-28T13:42:11.311260+00:00,E3_permutation,heco_disc_lr_finetune,43,200,1.0,200,0.3398944437503814,1.0,1.0,1.0,1.0,0.975609756097561,0.8208333333333333,0.951219512195122,1.0,0.0789117816834165,12.263175964355469,E3_permutation,90,bcgame,2,<workspace_root>\output\week6\checkpoints\heco_encoder__tau0.7__seed43.pt
2026-04-28T13:42:23.750959+00:00,E3_permutation,heco_disc_lr_finetune,43,200,0.99812382739212,200,0.9982062578201294,0.99812382739212,0.9878048780487804,1.0,1.0,0.95,0.9678018575851391,1.0,0.9,0.1933198823236198,12.143047332763672,E3_permutation,91,ggbet,10,<workspace_root>\output\week6\checkpoints\heco_encoder__tau0.7__seed43.pt
2026-04-28T13:42:36.464734+00:00,E3_permutation,heco_disc_lr_finetune,43,200,1.0,200,0.2293139696121215,1.0,1.0,1.0,1.0,1.0,1.0,1.0,1.0,0.1723911269059902,12.411771774291992,E3_permutation,92,tsars,9,<workspace_root>\output\week6\checkpoints\heco_encoder__tau0.7__seed43.pt
2026-04-28T13:42:49.064179+00:00,E3_permutation,heco_disc_lr_finetune,43,200,1.0,200,0.5907687544822693,1.0,1.0,1.0,1.0,1.0,1.0,1.0,1.0,0.1297508243583952,12.295621156692505,E3_permutation,93,icecasino,6,<workspace_root>\output\week6\checkpoints\heco_encoder__tau0.7__seed43.pt
2026-04-28T13:43:01.079722+00:00,E3_permutation,heco_disc_lr_finetune,43,170,1.0,195,0.4095096588134765,1.0,1.0,1.0,1.0,1.0,1.0,1.0,1.0,0.0893125900202576,11.718426942825316,E3_permutation,94,bcdot,4,<workspace_root>\output\week6\checkpoints\heco_encoder__tau0.7__seed43.pt
2026-04-28T13:43:13.999038+00:00,E3_permutation,heco_disc_lr_finetune,43,200,1.0,200,0.985965132713318,1.0,1.0,1.0,1.0,0.9878048780487804,0.9382716049382716,0.975609756097561,1.0,0.1113508019746205,12.52381944656372,E3_permutation,95,verdecasino,4,<workspace_root>\output\week6\checkpoints\heco_encoder__tau0.7__seed43.pt
2026-04-28T13:43:17.255534+00:00,E3_permutation,heco_disc_lr_finetune,43,25,0.9918699186991872,50,0.6473771333694458,0.9918699186991872,0.9634146341463414,1.0,1.0,0.9878048780487804,0.8938271604938272,0.975609756097561,1.0,0.105148716199959,2.954434871673584,E3_permutation,96,freshbet,2,<workspace_root>\output\week6\checkpoints\heco_encoder__tau0.7__seed43.pt
2026-04-28T13:43:29.865690+00:00,E3_permutation,heco_disc_lr_finetune,43,200,1.0,200,0.9934553503990172,1.0,1.0,1.0,1.0,1.0,1.0,1.0,1.0,0.0600249145807549,12.318930387496948,E3_permutation,97,bcgame,2,<workspace_root>\output\week6\checkpoints\heco_encoder__tau0.7__seed43.pt
2026-04-28T13:43:42.521651+00:00,E3_permutation,heco_disc_lr_finetune,43,200,1.0,200,0.9663302898406982,1.0,1.0,0.9928571428571428,0.9733333333333334,0.9,0.9328165374677002,1.0,0.8,0.1982535077841903,12.32992935180664,E3_permutation,98,ggbet,10,<workspace_root>\output\week6\checkpoints\heco_encoder__tau0.7__seed43.pt
2026-04-28T13:43:48.181359+00:00,E3_permutation,heco_disc_lr_finetune,43,64,0.9912891986062716,89,0.4040136933326721,0.9912891986062716,0.9878048780487804,1.0,1.0000000000000002,0.988095238095238,0.9676601141407736,0.9761904761904762,1.0,0.1924106676536887,5.35629153251648,E3_permutation,99,tsars,9,<workspace_root>\output\week6\checkpoints\heco_encoder__tau0.7__seed43.pt
2026-04-28T13:44:28.219712+00:00,E3_permutation,heco_disc_lr_finetune,44,200,1.0,200,0.9987918734550476,1.0,1.0,1.0,1.0,0.9,0.9325396825396826,1.0,0.8,0.1962725255926339,10.70369791984558,E3_permutation,0,ggbet,10,<workspace_root>\output\week6\checkpoints\heco_encoder__tau0.7__seed44.pt
2026-04-28T13:44:39.921021+00:00,E3_permutation,heco_disc_lr_finetune,44,159,1.0,184,0.9041568636894226,1.0,1.0,1.0,1.0,1.0,1.0,1.0,1.0,0.1799896268967199,11.393617630004885,E3_permutation,1,tsars,9,<workspace_root>\output\week6\checkpoints\heco_encoder__tau0.7__seed44.pt
2026-04-28T13:44:52.515343+00:00,E3_permutation,heco_disc_lr_finetune,44,200,1.0,200,0.9934350252151488,1.0,1.0,1.0,1.0,1.0,1.0,1.0,1.0,0.1479153704789661,12.289831161499023,E3_permutation,2,icecasino,6,<workspace_root>\output\week6\checkpoints\heco_encoder__tau0.7__seed44.pt
2026-04-28T13:44:56.962876+00:00,E3_permutation,heco_disc_lr_finetune,44,46,0.9983739837398372,71,0.819578230381012,0.9983739837398372,0.9878048780487804,1.0,1.0,1.0,1.0,1.0,1.0,0.1182131538326734,4.149480819702148,E3_permutation,3,bcdot,4,<workspace_root>\output\week6\checkpoints\heco_encoder__tau0.7__seed44.pt
2026-04-28T13:45:09.749510+00:00,E3_permutation,heco_disc_lr_finetune,44,200,1.0,200,0.981971561908722,1.0,1.0,1.0,1.0,1.0,1.0,1.0,1.0,0.0885296990049159,12.489031314849854,E3_permutation,4,verdecasino,4,<workspace_root>\output\week6\checkpoints\heco_encoder__tau0.7__seed44.pt
2026-04-28T13:45:22.409144+00:00,E3_permutation,heco_disc_lr_finetune,44,200,1.0,200,0.9949933886528016,1.0,1.0,1.0,1.0,1.0,1.0,1.0,1.0,0.0512766104298208,12.349812030792236,E3_permutation,5,freshbet,2,<workspace_root>\output\week6\checkpoints\heco_encoder__tau0.7__seed44.pt
2026-04-28T13:45:35.115224+00:00,E3_permutation,heco_disc_lr_finetune,44,200,1.0,200,0.9611981511116028,1.0,1.0,1.0,1.0,0.988095238095238,0.8939759036144579,0.9761904761904762,1.0,0.0703863754630084,12.406900405883787,E3_permutation,6,bcgame,2,<workspace_root>\output\week6\checkpoints\heco_encoder__tau0.7__seed44.pt
2026-04-28T13:45:39.501697+00:00,E3_permutation,heco_disc_lr_finetune,44,44,0.9943714821763602,69,0.4598001837730407,0.9943714821763602,0.9878048780487804,1.0,1.0,0.9878048780487804,0.9700176366843032,0.975609756097561,1.0,0.1974854098228572,4.085087060928345,E3_permutation,7,ggbet,10,<workspace_root>\output\week6\checkpoints\heco_encoder__tau0.7__seed44.pt
2026-04-28T13:45:52.039315+00:00,E3_permutation,heco_disc_lr_finetune,44,200,1.0,200,0.9981681108474731,1.0,1.0,1.0,1.0,0.8888888888888888,0.9258720930232558,1.0,0.7777777777777778,0.1996729555326142,12.242336750030518,E3_permutation,8,tsars,9,<workspace_root>\output\week6\checkpoints\heco_encoder__tau0.7__seed44.pt
2026-04-28T13:45:55.939019+00:00,E3_permutation,heco_disc_lr_finetune,44,36,0.9965156794425086,61,0.6736451387405396,0.9965156794425086,0.975609756097561,1.0,1.0,0.9878048780487804,0.9553656220322888,0.975609756097561,1.0,0.1440301190406294,3.5927376747131348,E3_permutation,9,icecasino,6,<workspace_root>\output\week6\checkpoints\heco_encoder__tau0.7__seed44.pt
2026-04-28T13:46:08.753763+00:00,E3_permutation,heco_disc_lr_finetune,44,200,1.0,200,0.1518400311470031,1.0,1.0,1.0,1.0,1.0,1.0,1.0,1.0,0.0876226008398838,12.5226469039917,E3_permutation,10,bcdot,4,<workspace_root>\output\week6\checkpoints\heco_encoder__tau0.7__seed44.pt
2026-04-28T13:46:20.048138+00:00,E3_permutation,heco_disc_lr_finetune,44,150,0.9983739837398372,175,0.0170746613293886,0.9983739837398372,0.9878048780487804,1.0,1.0,0.9761904761904762,0.8878048780487805,0.9523809523809524,1.0,0.0895292166821582,10.99683713912964,E3_permutation,11,verdecasino,4,<workspace_root>\output\week6\checkpoints\heco_encoder__tau0.7__seed44.pt
2026-04-28T13:46:32.778732+00:00,E3_permutation,heco_disc_lr_finetune,44,200,1.0,200,0.7218952178955078,1.0,1.0,1.0,1.0,1.0,1.0,1.0,1.0,0.0467607173632003,12.439738512039185,E3_permutation,12,freshbet,2,<workspace_root>\output\week6\checkpoints\heco_encoder__tau0.7__seed44.pt
2026-04-28T13:46:43.102057+00:00,E3_permutation,heco_disc_lr_finetune,44,139,1.0,164,0.9426634907722472,1.0,1.0,1.0,1.0,1.0,1.0,1.0,1.0,0.0501984857678312,10.018738031387327,E3_permutation,13,bcgame,2,<workspace_root>\output\week6\checkpoints\heco_encoder__tau0.7__seed44.pt
2026-04-28T13:46:55.764066+00:00,E3_permutation,heco_disc_lr_finetune,44,200,1.0,200,0.9331575036048888,1.0,1.0,1.0,1.0,1.0,1.0,1.0,1.0,0.1973604632191886,12.369833707809448,E3_permutation,14,ggbet,10,<workspace_root>\output\week6\checkpoints\heco_encoder__tau0.7__seed44.pt
2026-04-28T13:47:08.551157+00:00,E3_permutation,heco_disc_lr_finetune,44,200,1.0,200,0.9904098510742188,1.0,1.0,1.0,1.0,0.9444444444444444,0.9645641389085756,1.0,0.8888888888888888,0.1832209831391938,12.483031034469604,E3_permutation,15,tsars,9,<workspace_root>\output\week6\checkpoints\heco_encoder__tau0.7__seed44.pt
2026-04-28T13:47:21.009178+00:00,E3_permutation,heco_disc_lr_finetune,44,200,1.0,200,0.667365550994873,1.0,1.0,1.0,1.0,1.0,1.0,1.0,1.0,0.120232550809275,12.171303987503052,E3_permutation,16,icecasino,6,<workspace_root>\output\week6\checkpoints\heco_encoder__tau0.7__seed44.pt
2026-04-28T13:47:25.423414+00:00,E3_permutation,heco_disc_lr_finetune,44,46,1.0,71,0.8987119793891907,1.0,1.0,1.0,1.0,1.0,1.0,1.0,1.0,0.1212070808076201,4.106370449066162,E3_permutation,17,bcdot,4,<workspace_root>\output\week6\checkpoints\heco_encoder__tau0.7__seed44.pt
2026-04-28T13:47:33.059468+00:00,E3_permutation,heco_disc_lr_finetune,44,94,0.9983739837398372,119,0.9659048318862916,0.9983739837398372,0.9878048780487804,1.0,1.0,1.0,1.0,1.0,1.0,0.1059488447895692,7.319878101348877,E3_permutation,18,verdecasino,4,<workspace_root>\output\week6\checkpoints\heco_encoder__tau0.7__seed44.pt
2026-04-28T13:47:45.836716+00:00,E3_permutation,heco_disc_lr_finetune,44,179,1.0,200,0.6079115271568298,1.0,1.0,1.0,1.0,1.0,1.0,1.0,1.0,0.050486144200299,12.480730772018433,E3_permutation,19,freshbet,2,<workspace_root>\output\week6\checkpoints\heco_encoder__tau0.7__seed44.pt
2026-04-28T13:47:51.382667+00:00,E3_permutation,heco_disc_lr_finetune,44,64,1.0,89,0.3244464099407196,1.0,1.0,0.988095238095238,0.8333333333333333,0.7380952380952381,0.7380952380952381,0.9761904761904762,0.5,0.0489542435104096,5.239731311798096,E3_permutation,20,bcgame,2,<workspace_root>\output\week6\checkpoints\heco_encoder__tau0.7__seed44.pt
2026-04-28T13:47:55.925369+00:00,E3_permutation,heco_disc_lr_finetune,44,46,0.99812382739212,71,0.8577728271484375,0.99812382739212,0.9878048780487804,1.0,1.0,0.95,0.9678018575851391,1.0,0.9,0.24380283881788,4.241363048553467,E3_permutation,21,ggbet,10,<workspace_root>\output\week6\checkpoints\heco_encoder__tau0.7__seed44.pt
2026-04-28T13:48:08.788182+00:00,E3_permutation,heco_disc_lr_finetune,44,200,1.0,200,0.7436549663543701,1.0,1.0,0.9973544973544972,0.9888888888888888,0.988095238095238,0.9676601141407736,0.9761904761904762,1.0,0.1951366347616434,12.560554027557371,E3_permutation,22,tsars,9,<workspace_root>\output\week6\checkpoints\heco_encoder__tau0.7__seed44.pt
2026-04-28T13:48:21.308353+00:00,E3_permutation,heco_disc_lr_finetune,44,200,1.0,200,0.9659098982810974,1.0,1.0,1.0,1.0,1.0,1.0,1.0,1.0,0.1270479322429976,12.22636890411377,E3_permutation,23,icecasino,6,<workspace_root>\output\week6\checkpoints\heco_encoder__tau0.7__seed44.pt
2026-04-28T13:48:33.908763+00:00,E3_permutation,heco_disc_lr_finetune,44,200,1.0,200,0.9524575471878052,1.0,1.0,1.0,1.0,1.0,1.0,1.0,1.0,0.1147466113589011,12.285958528518677,E3_permutation,24,bcdot,4,<workspace_root>\output\week6\checkpoints\heco_encoder__tau0.7__seed44.pt
2026-04-28T13:48:46.773025+00:00,E3_permutation,heco_disc_lr_finetune,44,190,1.0,200,0.8741748332977295,1.0,1.0,1.0,1.0,1.0,1.0,1.0,1.0,0.093199313846345,12.547021627426147,E3_permutation,25,verdecasino,4,<workspace_root>\output\week6\checkpoints\heco_encoder__tau0.7__seed44.pt
2026-04-28T13:48:59.390779+00:00,E3_permutation,heco_disc_lr_finetune,44,200,1.0,200,0.9885103106498718,1.0,1.0,1.0,1.0,1.0,1.0,1.0,1.0,0.0467082152647645,12.314746856689451,E3_permutation,26,freshbet,2,<workspace_root>\output\week6\checkpoints\heco_encoder__tau0.7__seed44.pt
2026-04-28T13:49:12.371462+00:00,E3_permutation,heco_disc_lr_finetune,44,200,1.0,200,0.9970826506614684,1.0,1.0,1.0,1.0,1.0,1.0,1.0,1.0,0.0479683585036678,12.67511796951294,E3_permutation,27,bcgame,2,<workspace_root>\output\week6\checkpoints\heco_encoder__tau0.7__seed44.pt
2026-04-28T13:49:24.913482+00:00,E3_permutation,heco_disc_lr_finetune,44,200,1.0,200,0.9504095315933228,1.0,1.0,0.9804878048780488,0.9183658008658008,0.975609756097561,0.9420454545454544,0.951219512195122,1.0,0.2354213270343114,12.24543285369873,E3_permutation,28,ggbet,10,<workspace_root>\output\week6\checkpoints\heco_encoder__tau0.7__seed44.pt
2026-04-28T13:49:37.728047+00:00,E3_permutation,heco_disc_lr_finetune,44,200,1.0,200,0.9979367256164552,1.0,1.0,1.0,1.0,1.0,1.0,1.0,1.0,0.1813040066524537,12.503256797790527,E3_permutation,29,tsars,9,<workspace_root>\output\week6\checkpoints\heco_encoder__tau0.7__seed44.pt
2026-04-28T13:49:50.319478+00:00,E3_permutation,heco_disc_lr_finetune,44,200,1.0,200,0.907874882221222,1.0,1.0,1.0,1.0,1.0,1.0,1.0,1.0,0.1438092611265017,12.263129472732544,E3_permutation,30,icecasino,6,<workspace_root>\output\week6\checkpoints\heco_encoder__tau0.7__seed44.pt
2026-04-28T13:50:03.159915+00:00,E3_permutation,heco_disc_lr_finetune,44,200,1.0,200,0.9951608777046204,1.0,1.0,1.0,1.0,1.0,1.0,1.0,1.0,0.0929090389226251,12.53805375099182,E3_permutation,31,bcdot,4,<workspace_root>\output\week6\checkpoints\heco_encoder__tau0.7__seed44.pt
2026-04-28T13:50:07.122893+00:00,E3_permutation,heco_disc_lr_finetune,44,37,1.0,62,0.702246367931366,1.0,1.0,1.0,1.0,1.0,1.0,1.0,1.0,0.1198132514155028,3.6615843772888175,E3_permutation,32,verdecasino,4,<workspace_root>\output\week6\checkpoints\heco_encoder__tau0.7__seed44.pt
2026-04-28T13:50:10.495212+00:00,E3_permutation,heco_disc_lr_finetune,44,26,0.9983739837398372,51,0.5045886635780334,0.9983739837398372,0.9878048780487804,1.0,1.0,1.0,1.0,1.0,1.0,0.0688989450847107,3.079997539520264,E3_permutation,33,freshbet,2,<workspace_root>\output\week6\checkpoints\heco_encoder__tau0.7__seed44.pt
2026-04-28T13:50:23.087914+00:00,E3_permutation,heco_disc_lr_finetune,44,194,1.0,200,0.1647213548421859,1.0,1.0,1.0,1.0,1.0,1.0,1.0,1.0,0.0459049930811145,12.298308849334717,E3_permutation,34,bcgame,2,<workspace_root>\output\week6\checkpoints\heco_encoder__tau0.7__seed44.pt
2026-04-28T13:50:33.751442+00:00,E3_permutation,heco_disc_lr_finetune,44,148,0.99812382739212,173,0.9393062591552734,0.99812382739212,0.9878048780487804,1.0,1.0,0.9,0.9328165374677002,1.0,0.8,0.1756068407597181,10.360757112503052,E3_permutation,35,ggbet,10,<workspace_root>\output\week6\checkpoints\heco_encoder__tau0.7__seed44.pt
2026-04-28T13:50:41.329316+00:00,E3_permutation,heco_disc_lr_finetune,44,96,0.9982578397212544,121,0.9552341103553772,0.9982578397212544,0.9878048780487804,1.0,1.0,1.0,1.0,1.0,1.0,0.1810187196762557,7.2636988162994385,E3_permutation,36,tsars,9,<workspace_root>\output\week6\checkpoints\heco_encoder__tau0.7__seed44.pt
2026-04-28T13:50:54.151865+00:00,E3_permutation,heco_disc_lr_finetune,44,200,1.0,200,0.999518632888794,1.0,1.0,1.0,1.0,1.0,1.0,1.0,1.0,0.1333823046120174,12.518871784210203,E3_permutation,37,icecasino,6,<workspace_root>\output\week6\checkpoints\heco_encoder__tau0.7__seed44.pt
2026-04-28T13:51:07.092075+00:00,E3_permutation,heco_disc_lr_finetune,44,200,1.0,200,0.995322287082672,1.0,1.0,0.9940476190476192,0.95,0.8630952380952381,0.8630952380952381,0.9761904761904762,0.75,0.1085191711288955,12.640763521194458,E3_permutation,38,bcdot,4,<workspace_root>\output\week6\checkpoints\heco_encoder__tau0.7__seed44.pt
2026-04-28T13:51:10.842590+00:00,E3_permutation,heco_disc_lr_finetune,44,35,1.0,60,0.7181257605552673,1.0,1.0,1.0,1.0,1.0,1.0,1.0,1.0,0.1099578418695015,3.4728615283966064,E3_permutation,39,verdecasino,4,<workspace_root>\output\week6\checkpoints\heco_encoder__tau0.7__seed44.pt
2026-04-28T13:51:23.358165+00:00,E3_permutation,heco_disc_lr_finetune,44,196,1.0,200,0.6496590375900269,1.0,1.0,1.0,1.0,0.9634146341463414,0.7667269439421338,0.926829268292683,1.0,0.1147872840269839,12.212665796279907,E3_permutation,40,freshbet,2,<workspace_root>\output\week6\checkpoints\heco_encoder__tau0.7__seed44.pt
2026-04-28T13:51:35.999818+00:00,E3_permutation,heco_disc_lr_finetune,44,200,1.0,200,0.9999014139175416,1.0,1.0,1.0,1.0,0.5,0.4883720930232558,1.0,0.0,0.0571357942155949,12.343020915985107,E3_permutation,41,bcgame,2,<workspace_root>\output\week6\checkpoints\heco_encoder__tau0.7__seed44.pt
2026-04-28T13:51:48.637593+00:00,E3_permutation,heco_disc_lr_finetune,44,200,1.0,200,0.9248911142349244,1.0,1.0,1.0,1.0,1.0,1.0,1.0,1.0,0.1953932683262601,12.334848642349243,E3_permutation,42,ggbet,10,<workspace_root>\output\week6\checkpoints\heco_encoder__tau0.7__seed44.pt
2026-04-28T13:52:00.965079+00:00,E3_permutation,heco_disc_lr_finetune,44,180,1.0,200,0.8791505098342896,1.0,1.0,0.997289972899729,0.9888888888888888,0.8888888888888888,0.925595238095238,1.0,0.7777777777777778,0.1720701135902009,12.033665895462036,E3_permutation,43,tsars,9,<workspace_root>\output\week6\checkpoints\heco_encoder__tau0.7__seed44.pt
2026-04-28T13:52:13.869538+00:00,E3_permutation,heco_disc_lr_finetune,44,200,1.0,200,0.9952640533447266,1.0,1.0,1.0,1.0,1.0,1.0,1.0,1.0,0.1460488698534291,12.522751808166504,E3_permutation,44,icecasino,6,<workspace_root>\output\week6\checkpoints\heco_encoder__tau0.7__seed44.pt
2026-04-28T13:52:26.556202+00:00,E3_permutation,heco_disc_lr_finetune,44,200,1.0,200,0.2222835123538971,1.0,1.0,1.0,1.0,1.0,1.0,1.0,1.0,0.0912296438772881,12.377429723739624,E3_permutation,45,bcdot,4,<workspace_root>\output\week6\checkpoints\heco_encoder__tau0.7__seed44.pt
2026-04-28T13:52:30.527684+00:00,E3_permutation,heco_disc_lr_finetune,44,38,1.0,63,0.7519910335540771,1.0,1.0,1.0,1.0,1.0,1.0,1.0,1.0,0.1226264234321855,3.651998043060303,E3_permutation,46,verdecasino,4,<workspace_root>\output\week6\checkpoints\heco_encoder__tau0.7__seed44.pt
2026-04-28T13:52:40.173775+00:00,E3_permutation,heco_disc_lr_finetune,44,129,1.0,154,0.9381775856018066,1.0,1.0,1.0,1.0,1.0,1.0,1.0,1.0,0.0468644112813236,9.348171710968018,E3_permutation,47,freshbet,2,<workspace_root>\output\week6\checkpoints\heco_encoder__tau0.7__seed44.pt
2026-04-28T13:52:52.861280+00:00,E3_permutation,heco_disc_lr_finetune,44,200,1.0,200,0.8705044388771057,1.0,1.0,1.0,1.0,1.0,1.0,1.0,1.0,0.0491698394620183,12.391634702682495,E3_permutation,48,bcgame,2,<workspace_root>\output\week6\checkpoints\heco_encoder__tau0.7__seed44.pt
2026-04-28T13:53:03.203142+00:00,E3_permutation,heco_disc_lr_finetune,44,140,1.0,165,0.8720341920852661,1.0,1.0,1.0,1.0,1.0,1.0,1.0,1.0,0.1924245095798302,10.033841609954834,E3_permutation,49,ggbet,10,<workspace_root>\output\week6\checkpoints\heco_encoder__tau0.7__seed44.pt
2026-04-28T13:53:09.053581+00:00,E3_permutation,heco_disc_lr_finetune,44,67,0.9930313588850174,92,0.3367919027805328,0.9930313588850174,0.9878048780487804,1.0,1.0000000000000002,0.988095238095238,0.9676601141407736,0.9761904761904762,1.0,0.1888359135043171,5.553421974182129,E3_permutation,50,tsars,9,<workspace_root>\output\week6\checkpoints\heco_encoder__tau0.7__seed44.pt
2026-04-28T13:53:12.277721+00:00,E3_permutation,heco_disc_lr_finetune,44,23,0.9965156794425086,50,0.340405523777008,0.9965156794425086,0.975609756097561,0.9682539682539684,0.8617424242424243,0.8809523809523809,0.8327526132404182,0.9285714285714286,0.8333333333333334,0.127118959753678,2.9092953205108643,E3_permutation,51,icecasino,6,<workspace_root>\output\week6\checkpoints\heco_encoder__tau0.7__seed44.pt
2026-04-28T13:53:24.974194+00:00,E3_permutation,heco_disc_lr_finetune,44,200,1.0,200,0.9997658133506776,1.0,1.0,1.0,1.0,0.625,0.6827586206896552,1.0,0.25,0.0919828928786245,12.403632640838625,E3_permutation,52,bcdot,4,<workspace_root>\output\week6\checkpoints\heco_encoder__tau0.7__seed44.pt
2026-04-28T13:53:37.646120+00:00,E3_permutation,heco_disc_lr_finetune,44,200,1.0,200,0.999665141105652,1.0,1.0,1.0,1.0,1.0,1.0,1.0,1.0,0.1121581315941048,12.368057250976562,E3_permutation,53,verdecasino,4,<workspace_root>\output\week6\checkpoints\heco_encoder__tau0.7__seed44.pt
2026-04-28T13:53:50.517018+00:00,E3_permutation,heco_disc_lr_finetune,44,200,1.0,200,0.9999498128890992,1.0,1.0,1.0,1.0,1.0,1.0,1.0,1.0,0.0698144425259807,12.562885284423828,E3_permutation,54,freshbet,2,<workspace_root>\output\week6\checkpoints\heco_encoder__tau0.7__seed44.pt
2026-04-28T13:53:54.548489+00:00,E3_permutation,heco_disc_lr_finetune,44,38,1.0,63,0.759364128112793,1.0,1.0,1.0,1.0,0.9878048780487804,0.8938271604938272,0.975609756097561,1.0,0.1479417692537324,3.7424404621124254,E3_permutation,55,bcgame,2,<workspace_root>\output\week6\checkpoints\heco_encoder__tau0.7__seed44.pt
2026-04-28T13:54:07.254551+00:00,E3_permutation,heco_disc_lr_finetune,44,183,1.0,200,0.9827325344085692,1.0,1.0,1.0,1.0,0.95,0.9676601141407736,1.0,0.9,0.1968571647293558,12.405699253082275,E3_permutation,56,ggbet,10,<workspace_root>\output\week6\checkpoints\heco_encoder__tau0.7__seed44.pt
2026-04-28T13:54:19.762769+00:00,E3_permutation,heco_disc_lr_finetune,44,200,1.0,200,0.9957810640335084,1.0,1.0,1.0,1.0,0.8888888888888888,0.925595238095238,1.0,0.7777777777777778,0.1949469519244694,12.216312646865845,E3_permutation,57,tsars,9,<workspace_root>\output\week6\checkpoints\heco_encoder__tau0.7__seed44.pt
2026-04-28T13:54:32.373209+00:00,E3_permutation,heco_disc_lr_finetune,44,200,1.0,200,0.7299524545669556,1.0,1.0,0.9959349593495936,0.9761904761904762,0.9044715447154472,0.9044715447154472,0.975609756097561,0.8333333333333334,0.1377054479691384,12.313404083251951,E3_permutation,58,icecasino,6,<workspace_root>\output\week6\checkpoints\heco_encoder__tau0.7__seed44.pt
2026-04-28T13:54:42.273818+00:00,E3_permutation,heco_disc_lr_finetune,44,141,0.9951219512195122,166,0.8855977058410645,0.9951219512195122,0.9878048780487804,1.0,1.0,1.0,1.0,1.0,1.0,0.1016577918008617,9.593150854110718,E3_permutation,59,bcdot,4,<workspace_root>\output\week6\checkpoints\heco_encoder__tau0.7__seed44.pt
2026-04-28T13:54:54.996460+00:00,E3_permutation,heco_disc_lr_finetune,44,200,1.0,200,0.3641368150711059,1.0,1.0,1.0,1.0,0.875,0.9226890756302522,1.0,0.75,0.0575751276918921,12.436513900756836,E3_permutation,60,verdecasino,4,<workspace_root>\output\week6\checkpoints\heco_encoder__tau0.7__seed44.pt
2026-04-28T13:54:58.518998+00:00,E3_permutation,heco_disc_lr_finetune,44,30,1.0,55,0.5775581002235413,1.0,1.0,1.0,1.0,1.0,1.0,1.0,1.0,0.0985694263896911,3.184676170349121,E3_permutation,61,freshbet,2,<workspace_root>\output\week6\checkpoints\heco_encoder__tau0.7__seed44.pt
2026-04-28T13:55:03.931345+00:00,E3_permutation,heco_disc_lr_finetune,44,58,1.0,83,0.8580607771873474,1.0,1.0,1.0,1.0,0.988095238095238,0.8939759036144579,0.9761904761904762,1.0,0.0942491116171065,5.120795488357544,E3_permutation,62,bcgame,2,<workspace_root>\output\week6\checkpoints\heco_encoder__tau0.7__seed44.pt
2026-04-28T13:55:16.731306+00:00,E3_permutation,heco_disc_lr_finetune,44,200,1.0,200,0.9272953867912292,1.0,1.0,1.0,1.0,1.0,1.0,1.0,1.0,0.2014913197867611,12.480860948562622,E3_permutation,63,ggbet,10,<workspace_root>\output\week6\checkpoints\heco_encoder__tau0.7__seed44.pt
2026-04-28T13:55:22.548163+00:00,E3_permutation,heco_disc_lr_finetune,44,67,1.0,92,0.8622193336486816,1.0,1.0,0.9867724867724867,0.92826278659612,0.988095238095238,0.9676601141407736,0.9761904761904762,1.0,0.2103535778911903,5.519824504852295,E3_permutation,64,tsars,9,<workspace_root>\output\week6\checkpoints\heco_encoder__tau0.7__seed44.pt
2026-04-28T13:55:35.383422+00:00,E3_permutation,heco_disc_lr_finetune,44,200,1.0,200,0.6414414048194885,1.0,1.0,1.0,1.0,0.9166666666666669,0.948663101604278,1.0,0.8333333333333334,0.1214540096561271,12.536168575286863,E3_permutation,65,icecasino,6,<workspace_root>\output\week6\checkpoints\heco_encoder__tau0.7__seed44.pt
2026-04-28T13:55:48.041477+00:00,E3_permutation,heco_disc_lr_finetune,44,200,1.0,200,0.707625687122345,1.0,1.0,1.0,1.0,1.0,1.0,1.0,1.0,0.0891056961114024,12.367568731307983,E3_permutation,66,bcdot,4,<workspace_root>\output\week6\checkpoints\heco_encoder__tau0.7__seed44.pt
2026-04-28T13:56:00.625437+00:00,E3_permutation,heco_disc_lr_finetune,44,200,1.0,200,0.9939337372779846,1.0,1.0,1.0,1.0,0.9878048780487804,0.9382716049382716,0.975609756097561,1.0,0.1112865037069679,12.27109670639038,E3_permutation,67,verdecasino,4,<workspace_root>\output\week6\checkpoints\heco_encoder__tau0.7__seed44.pt
2026-04-28T13:56:05.914651+00:00,E3_permutation,heco_disc_lr_finetune,44,57,0.9983739837398372,82,0.7301459908485413,0.9983739837398372,0.9878048780487804,1.0,1.0,0.9878048780487804,0.8938271604938272,0.975609756097561,1.0,0.0681766185960686,4.996129035949707,E3_permutation,68,freshbet,2,<workspace_root>\output\week6\checkpoints\heco_encoder__tau0.7__seed44.pt
2026-04-28T13:56:18.429911+00:00,E3_permutation,heco_disc_lr_finetune,44,200,1.0,200,0.5658930540084839,1.0,1.0,1.0,1.0,1.0,1.0,1.0,1.0,0.0466629923411523,12.20796823501587,E3_permutation,69,bcgame,2,<workspace_root>\output\week6\checkpoints\heco_encoder__tau0.7__seed44.pt
2026-04-28T13:56:31.072746+00:00,E3_permutation,heco_disc_lr_finetune,44,200,1.0,200,0.8531184792518616,1.0,1.0,1.0,1.0,1.0,1.0,1.0,1.0,0.2162033973557564,12.353940963745115,E3_permutation,70,ggbet,10,<workspace_root>\output\week6\checkpoints\heco_encoder__tau0.7__seed44.pt
2026-04-28T13:56:43.662882+00:00,E3_permutation,heco_disc_lr_finetune,44,197,1.0,200,0.8898985981941223,1.0,1.0,1.0,1.0,1.0,1.0,1.0,1.0,0.1897201288909806,12.210169792175291,E3_permutation,71,tsars,9,<workspace_root>\output\week6\checkpoints\heco_encoder__tau0.7__seed44.pt
2026-04-28T13:56:56.329848+00:00,E3_permutation,heco_disc_lr_finetune,44,200,1.0,200,0.9961897730827332,1.0,1.0,1.0,1.0,1.0,1.0,1.0,1.0,0.1379299641258317,12.369741916656494,E3_permutation,72,icecasino,6,<workspace_root>\output\week6\checkpoints\heco_encoder__tau0.7__seed44.pt
2026-04-28T13:57:00.643107+00:00,E3_permutation,heco_disc_lr_finetune,44,43,1.0,68,0.8519858121871948,1.0,1.0,0.9939024390243902,0.95,0.8628048780487805,0.8628048780487805,0.975609756097561,0.75,0.1333890430406821,4.021310806274414,E3_permutation,73,bcdot,4,<workspace_root>\output\week6\checkpoints\heco_encoder__tau0.7__seed44.pt
2026-04-28T13:57:13.469328+00:00,E3_permutation,heco_disc_lr_finetune,44,200,1.0,200,0.8706057071685791,1.0,1.0,1.0,1.0,1.0,1.0,1.0,1.0,0.0885303559252526,12.53039836883545,E3_permutation,74,verdecasino,4,<workspace_root>\output\week6\checkpoints\heco_encoder__tau0.7__seed44.pt
2026-04-28T13:57:26.071062+00:00,E3_permutation,heco_disc_lr_finetune,44,200,1.0,200,0.9040527939796448,1.0,1.0,1.0,1.0,1.0,1.0,1.0,1.0,0.0476333813312593,12.302181243896484,E3_permutation,75,freshbet,2,<workspace_root>\output\week6\checkpoints\heco_encoder__tau0.7__seed44.pt
2026-04-28T13:57:38.839214+00:00,E3_permutation,heco_disc_lr_finetune,44,200,1.0,200,0.1580152511596679,1.0,1.0,1.0,1.0,0.75,0.8274509803921568,1.0,0.5,0.0233471294225259,12.460907936096191,E3_permutation,76,bcgame,2,<workspace_root>\output\week6\checkpoints\heco_encoder__tau0.7__seed44.pt
2026-04-28T13:57:51.604937+00:00,E3_permutation,heco_disc_lr_finetune,44,200,1.0,200,0.9573431015014648,1.0,1.0,0.9976190476190476,0.990909090909091,0.988095238095238,0.970166379804934,0.9761904761904762,1.0,0.2145274361715527,12.44202446937561,E3_permutation,77,ggbet,10,<workspace_root>\output\week6\checkpoints\heco_encoder__tau0.7__seed44.pt
2026-04-28T13:58:04.474431+00:00,E3_permutation,heco_disc_lr_finetune,44,200,1.0,200,0.8983706831932068,1.0,1.0,1.0,1.0,1.0,1.0,1.0,1.0,0.1781888410296036,12.56999135017395,E3_permutation,78,tsars,9,<workspace_root>\output\week6\checkpoints\heco_encoder__tau0.7__seed44.pt
2026-04-28T13:58:17.086992+00:00,E3_permutation,heco_disc_lr_finetune,44,200,1.0,200,0.8907397985458374,1.0,1.0,1.0,1.0,1.0,1.0,1.0,1.0,0.1321704775261225,12.324255466461182,E3_permutation,79,icecasino,6,<workspace_root>\output\week6\checkpoints\heco_encoder__tau0.7__seed44.pt
2026-04-28T13:58:29.724929+00:00,E3_permutation,heco_disc_lr_finetune,44,200,1.0,200,0.9989795088768004,1.0,1.0,1.0,1.0,1.0,1.0,1.0,1.0,0.1106407014427383,12.350439071655272,E3_permutation,80,bcdot,4,<workspace_root>\output\week6\checkpoints\heco_encoder__tau0.7__seed44.pt
2026-04-28T13:58:36.750947+00:00,E3_permutation,heco_disc_lr_finetune,44,83,1.0,108,0.9581242799758912,1.0,1.0,0.9939024390243902,0.95,0.8628048780487805,0.8628048780487805,0.975609756097561,0.75,0.1140203750099169,6.711208343505859,E3_permutation,81,verdecasino,4,<workspace_root>\output\week6\checkpoints\heco_encoder__tau0.7__seed44.pt
2026-04-28T13:58:49.468536+00:00,E3_permutation,heco_disc_lr_finetune,44,200,1.0,200,0.991881787776947,1.0,1.0,1.0,1.0,0.75,0.8274509803921568,1.0,0.5,0.0464841447418662,12.4114089012146,E3_permutation,82,freshbet,2,<workspace_root>\output\week6\checkpoints\heco_encoder__tau0.7__seed44.pt
2026-04-28T13:59:02.210827+00:00,E3_permutation,heco_disc_lr_finetune,44,194,1.0,200,0.8434768319129944,1.0,1.0,1.0,1.0,1.0,1.0,1.0,1.0,0.0462995975056038,12.449268341064451,E3_permutation,83,bcgame,2,<workspace_root>\output\week6\checkpoints\heco_encoder__tau0.7__seed44.pt
2026-04-28T13:59:14.722774+00:00,E3_permutation,heco_disc_lr_finetune,44,200,1.0,200,0.4058261513710022,1.0,1.0,1.0,1.0,1.0,1.0,1.0,1.0,0.1986391990754348,12.20368504524231,E3_permutation,84,ggbet,10,<workspace_root>\output\week6\checkpoints\heco_encoder__tau0.7__seed44.pt
2026-04-28T13:59:22.531421+00:00,E3_permutation,heco_disc_lr_finetune,44,101,1.0,126,0.9746564626693726,1.0,1.0,1.0,1.0,0.988095238095238,0.9676601141407736,0.9761904761904762,1.0,0.2113120360758595,7.495345115661621,E3_permutation,85,tsars,9,<workspace_root>\output\week6\checkpoints\heco_encoder__tau0.7__seed44.pt
2026-04-28T13:59:34.476487+00:00,E3_permutation,heco_disc_lr_finetune,44,163,1.0,188,0.4296481907367706,1.0,1.0,1.0,1.0,1.0,1.0,1.0,1.0,0.1273142528988876,11.643245697021484,E3_permutation,86,icecasino,6,<workspace_root>\output\week6\checkpoints\heco_encoder__tau0.7__seed44.pt
2026-04-28T13:59:47.175611+00:00,E3_permutation,heco_disc_lr_finetune,44,200,1.0,200,0.8136887550354004,1.0,1.0,0.9878048780487804,0.8875,0.9878048780487804,0.9382716049382716,0.975609756097561,1.0,0.1098101659816248,12.40577244758606,E3_permutation,87,bcdot,4,<workspace_root>\output\week6\checkpoints\heco_encoder__tau0.7__seed44.pt
2026-04-28T13:59:59.779255+00:00,E3_permutation,heco_disc_lr_finetune,44,200,1.0,200,0.9361414313316344,1.0,1.0,1.0,1.0,1.0,1.0,1.0,1.0,0.0862138652911857,12.310515642166138,E3_permutation,88,verdecasino,4,<workspace_root>\output\week6\checkpoints\heco_encoder__tau0.7__seed44.pt
2026-04-28T14:00:12.289222+00:00,E3_permutation,heco_disc_lr_finetune,44,188,1.0,200,0.0267318915575742,1.0,1.0,1.0,1.0,0.9878048780487804,0.8938271604938272,0.975609756097561,1.0,0.0484397212104305,12.2101628780365,E3_permutation,89,freshbet,2,<workspace_root>\output\week6\checkpoints\heco_encoder__tau0.7__seed44.pt
2026-04-28T14:00:20.055659+00:00,E3_permutation,heco_disc_lr_finetune,44,103,1.0,128,0.9857162833213806,1.0,1.0,1.0,1.0,1.0,1.0,1.0,1.0,0.0472924969523347,7.456570148468018,E3_permutation,90,bcgame,2,<workspace_root>\output\week6\checkpoints\heco_encoder__tau0.7__seed44.pt
2026-04-28T14:00:32.861696+00:00,E3_permutation,heco_disc_lr_finetune,44,200,1.0,200,0.5787169933319092,1.0,1.0,1.0,1.0,1.0,1.0,1.0,1.0,0.1966212497867004,12.501905918121338,E3_permutation,91,ggbet,10,<workspace_root>\output\week6\checkpoints\heco_encoder__tau0.7__seed44.pt
2026-04-28T14:00:44.129424+00:00,E3_permutation,heco_disc_lr_finetune,44,155,1.0,180,0.0807119533419609,1.0,1.0,1.0,1.0,0.9444444444444444,0.9642591213700672,1.0,0.8888888888888888,0.1606367421632522,10.956095933914185,E3_permutation,92,tsars,9,<workspace_root>\output\week6\checkpoints\heco_encoder__tau0.7__seed44.pt
2026-04-28T14:00:56.771400+00:00,E3_permutation,heco_disc_lr_finetune,44,192,1.0,200,0.9597119688987732,1.0,1.0,1.0,1.0,1.0,1.0,1.0,1.0,0.1280345629502654,12.34157919883728,E3_permutation,93,icecasino,6,<workspace_root>\output\week6\checkpoints\heco_encoder__tau0.7__seed44.pt
2026-04-28T14:01:09.482957+00:00,E3_permutation,heco_disc_lr_finetune,44,200,1.0,200,0.9882845878601074,1.0,1.0,1.0,1.0,0.9878048780487804,0.9382716049382716,0.975609756097561,1.0,0.1112835784551093,12.41157078742981,E3_permutation,94,bcdot,4,<workspace_root>\output\week6\checkpoints\heco_encoder__tau0.7__seed44.pt
2026-04-28T14:01:18.240645+00:00,E3_permutation,heco_disc_lr_finetune,44,114,1.0,139,0.987173318862915,1.0,1.0,1.0,1.0,1.0,1.0,1.0,1.0,0.0894746231965521,8.444899559020996,E3_permutation,95,verdecasino,4,<workspace_root>\output\week6\checkpoints\heco_encoder__tau0.7__seed44.pt
2026-04-28T14:01:31.268154+00:00,E3_permutation,heco_disc_lr_finetune,44,200,1.0,200,0.9791219830513,1.0,1.0,1.0,1.0,0.988095238095238,0.8939759036144579,0.9761904761904762,1.0,0.0689780387921906,12.732525825500488,E3_permutation,96,freshbet,2,<workspace_root>\output\week6\checkpoints\heco_encoder__tau0.7__seed44.pt
2026-04-28T14:01:35.535494+00:00,E3_permutation,heco_disc_lr_finetune,44,36,1.0,61,0.8171233534812927,1.0,1.0,1.0,1.0,1.0,1.0,1.0,1.0,0.1731659216912307,3.889184474945069,E3_permutation,97,bcgame,2,<workspace_root>\output\week6\checkpoints\heco_encoder__tau0.7__seed44.pt
2026-04-28T14:01:48.247175+00:00,E3_permutation,heco_disc_lr_finetune,44,200,0.99812382739212,200,0.9642492532730104,0.99812382739212,0.9878048780487804,1.0,1.0,1.0,1.0,1.0,1.0,0.1928278509442093,12.408774375915527,E3_permutation,98,ggbet,10,<workspace_root>\output\week6\checkpoints\heco_encoder__tau0.7__seed44.pt
2026-04-28T14:02:01.064308+00:00,E3_permutation,heco_disc_lr_finetune,44,200,1.0,200,0.6172271966934204,1.0,1.0,1.0,1.0,1.0,1.0,1.0,1.0,0.1818847800508259,12.512802600860596,E3_permutation,99,tsars,9,<workspace_root>\output\week6\checkpoints\heco_encoder__tau0.7__seed44.pt
2026-04-28T14:03:08.917107+00:00,E3_permutation,heco_disc_lr_finetune,45,200,1.0,200,0.97975355386734,1.0,1.0,1.0,1.0,0.95,0.9676601141407736,1.0,0.9,0.1928619345864313,10.83496594429016,E3_permutation,0,ggbet,10,<workspace_root>\output\week6\checkpoints\heco_encoder__tau0.7__seed45.pt
2026-04-28T14:03:21.128244+00:00,E3_permutation,heco_disc_lr_finetune,45,200,1.0,200,0.7249622941017151,1.0,1.0,1.0,1.0,1.0,1.0,1.0,1.0,0.1797595827523386,11.949846506118774,E3_permutation,1,tsars,9,<workspace_root>\output\week6\checkpoints\heco_encoder__tau0.7__seed45.pt
2026-04-28T14:03:25.375606+00:00,E3_permutation,heco_disc_lr_finetune,45,44,1.0,69,0.8305242657661438,1.0,1.0,0.983739837398374,0.9107142857142856,0.8333333333333333,0.888095238095238,1.0,0.6666666666666666,0.1486692848395704,3.954871416091919,E3_permutation,2,icecasino,6,<workspace_root>\output\week6\checkpoints\heco_encoder__tau0.7__seed45.pt
2026-04-28T14:03:37.935344+00:00,E3_permutation,heco_disc_lr_finetune,45,200,1.0,200,0.6772733330726624,1.0,1.0,1.0,1.0,0.988095238095238,0.9384203480589022,0.9761904761904762,1.0,0.1079951545716848,12.2671480178833,E3_permutation,3,bcdot,4,<workspace_root>\output\week6\checkpoints\heco_encoder__tau0.7__seed45.pt
2026-04-28T14:03:50.118590+00:00,E3_permutation,heco_disc_lr_finetune,45,200,1.0,200,0.9941061735153198,1.0,1.0,1.0,1.0,0.875,0.9225473321858864,1.0,0.75,0.1050829133181526,11.882376194000244,E3_permutation,4,verdecasino,4,<workspace_root>\output\week6\checkpoints\heco_encoder__tau0.7__seed45.pt
2026-04-28T14:04:02.574806+00:00,E3_permutation,heco_disc_lr_finetune,45,190,1.0,200,0.3340198993682861,1.0,1.0,1.0,1.0,0.9761904761904762,0.8211382113821137,0.9523809523809524,1.0,0.0864803057665048,12.101550340652466,E3_permutation,5,freshbet,2,<workspace_root>\output\week6\checkpoints\heco_encoder__tau0.7__seed45.pt
2026-04-28T14:04:06.630947+00:00,E3_permutation,heco_disc_lr_finetune,45,40,0.9967479674796748,65,0.841571569442749,0.9967479674796748,0.9878048780487804,1.0,1.0,1.0,1.0,1.0,1.0,0.0665989720293956,3.757656335830689,E3_permutation,6,bcgame,2,<workspace_root>\output\week6\checkpoints\heco_encoder__tau0.7__seed45.pt
2026-04-28T14:04:18.977477+00:00,E3_permutation,heco_disc_lr_finetune,45,200,1.0,200,0.9998096823692322,1.0,1.0,1.0,1.0,0.95,0.9678018575851391,1.0,0.9,0.2273883159155671,12.026665925979614,E3_permutation,7,ggbet,10,<workspace_root>\output\week6\checkpoints\heco_encoder__tau0.7__seed45.pt
2026-04-28T14:04:24.007336+00:00,E3_permutation,heco_disc_lr_finetune,45,57,1.0,82,0.8885159492492676,1.0,1.0,1.0,1.0,0.9444444444444444,0.9645641389085756,1.0,0.8888888888888888,0.2032721188903976,4.735672473907471,E3_permutation,8,tsars,9,<workspace_root>\output\week6\checkpoints\heco_encoder__tau0.7__seed45.pt
2026-04-28T14:04:36.333153+00:00,E3_permutation,heco_disc_lr_finetune,45,200,1.0,200,0.984269380569458,1.0,1.0,1.0,1.0,0.9166666666666669,0.948663101604278,1.0,0.8333333333333334,0.1243650110432144,12.029793739318848,E3_permutation,9,icecasino,6,<workspace_root>\output\week6\checkpoints\heco_encoder__tau0.7__seed45.pt
2026-04-28T14:04:44.147693+00:00,E3_permutation,heco_disc_lr_finetune,45,108,1.0,133,0.3949192464351654,1.0,1.0,1.0,1.0,0.988095238095238,0.9384203480589022,0.9761904761904762,1.0,0.099732455131029,7.526107311248779,E3_permutation,10,bcdot,4,<workspace_root>\output\week6\checkpoints\heco_encoder__tau0.7__seed45.pt
2026-04-28T14:04:56.700291+00:00,E3_permutation,heco_disc_lr_finetune,45,200,1.0,200,0.930446207523346,1.0,1.0,0.9939024390243902,0.95,0.875,0.9225473321858864,1.0,0.75,0.0993440448364611,12.257204532623293,E3_permutation,11,verdecasino,4,<workspace_root>\output\week6\checkpoints\heco_encoder__tau0.7__seed45.pt
2026-04-28T14:05:09.251520+00:00,E3_permutation,heco_disc_lr_finetune,45,200,1.0,200,0.9998955726623536,1.0,1.0,1.0,1.0,1.0,1.0,1.0,1.0,0.0467572161674186,12.25749444961548,E3_permutation,12,freshbet,2,<workspace_root>\output\week6\checkpoints\heco_encoder__tau0.7__seed45.pt
2026-04-28T14:05:21.618409+00:00,E3_permutation,heco_disc_lr_finetune,45,200,1.0,200,0.9606321454048156,1.0,1.0,1.0,1.0,1.0,1.0,1.0,1.0,0.0683536331803145,12.081955194473268,E3_permutation,13,bcgame,2,<workspace_root>\output\week6\checkpoints\heco_encoder__tau0.7__seed45.pt
2026-04-28T14:05:34.079299+00:00,E3_permutation,heco_disc_lr_finetune,45,200,1.0,200,0.995395004749298,1.0,1.0,1.0,1.0,1.0,1.0,1.0,1.0,0.1964208053073527,12.165910959243774,E3_permutation,14,ggbet,10,<workspace_root>\output\week6\checkpoints\heco_encoder__tau0.7__seed45.pt
2026-04-28T14:05:46.352905+00:00,E3_permutation,heco_disc_lr_finetune,45,200,1.0,200,0.5001904964447021,1.0,1.0,1.0,1.0,1.0,1.0,1.0,1.0,0.1784924769660473,11.961008548736572,E3_permutation,15,tsars,9,<workspace_root>\output\week6\checkpoints\heco_encoder__tau0.7__seed45.pt
2026-04-28T14:05:50.336760+00:00,E3_permutation,heco_disc_lr_finetune,45,39,1.0,64,0.8628941178321838,1.0,1.0,0.992063492063492,0.9583333333333334,0.8928571428571428,0.8665430954587581,0.9523809523809524,0.8333333333333334,0.1496123288603873,3.690563201904297,E3_permutation,16,icecasino,6,<workspace_root>\output\week6\checkpoints\heco_encoder__tau0.7__seed45.pt
2026-04-28T14:06:01.010423+00:00,E3_permutation,heco_disc_lr_finetune,45,149,1.0,174,0.9991531372070312,1.0,1.0,1.0,1.0,1.0,1.0,1.0,1.0,0.1108962865678831,10.361232995986938,E3_permutation,17,bcdot,4,<workspace_root>\output\week6\checkpoints\heco_encoder__tau0.7__seed45.pt
2026-04-28T14:06:13.485581+00:00,E3_permutation,heco_disc_lr_finetune,45,200,1.0,200,0.9617432951927184,1.0,1.0,1.0,1.0,1.0,1.0,1.0,1.0,0.0934708788043943,12.14794373512268,E3_permutation,18,verdecasino,4,<workspace_root>\output\week6\checkpoints\heco_encoder__tau0.7__seed45.pt
2026-04-28T14:06:20.993685+00:00,E3_permutation,heco_disc_lr_finetune,45,97,1.0,122,0.9429852366447448,1.0,1.0,1.0,1.0,0.988095238095238,0.8939759036144579,0.9761904761904762,1.0,0.0702485853195472,7.214172601699829,E3_permutation,19,freshbet,2,<workspace_root>\output\week6\checkpoints\heco_encoder__tau0.7__seed45.pt
2026-04-28T14:06:33.766512+00:00,E3_permutation,heco_disc_lr_finetune,45,200,1.0,200,0.9981698989868164,1.0,1.0,1.0,1.0,1.0,1.0,1.0,1.0,0.0625994680812023,12.472872972488403,E3_permutation,20,bcgame,2,<workspace_root>\output\week6\checkpoints\heco_encoder__tau0.7__seed45.pt
2026-04-28T14:06:46.211663+00:00,E3_permutation,heco_disc_lr_finetune,45,200,1.0,200,0.9890961050987244,1.0,1.0,1.0,1.0,1.0,1.0,1.0,1.0,0.2268909243542773,12.133056640625,E3_permutation,21,ggbet,10,<workspace_root>\output\week6\checkpoints\heco_encoder__tau0.7__seed45.pt
2026-04-28T14:06:58.594254+00:00,E3_permutation,heco_disc_lr_finetune,45,200,1.0,200,0.1631915122270584,1.0,1.0,0.9973544973544972,0.9888888888888888,0.9761904761904762,0.9378048780487804,0.9523809523809524,1.0,0.2044200188293103,12.07273530960083,E3_permutation,22,tsars,9,<workspace_root>\output\week6\checkpoints\heco_encoder__tau0.7__seed45.pt
2026-04-28T14:07:11.099674+00:00,E3_permutation,heco_disc_lr_finetune,45,200,1.0,200,0.8786093592643738,1.0,1.0,1.0,1.0,1.0,1.0,1.0,1.0,0.1278567850683688,12.200722932815552,E3_permutation,23,icecasino,6,<workspace_root>\output\week6\checkpoints\heco_encoder__tau0.7__seed45.pt
2026-04-28T14:07:23.417966+00:00,E3_permutation,heco_disc_lr_finetune,45,183,1.0,200,0.9187530875205994,1.0,1.0,1.0,1.0,1.0,1.0,1.0,1.0,0.1119868860278055,11.994198322296144,E3_permutation,24,bcdot,4,<workspace_root>\output\week6\checkpoints\heco_encoder__tau0.7__seed45.pt
2026-04-28T14:07:35.931829+00:00,E3_permutation,heco_disc_lr_finetune,45,200,1.0,200,0.9991523027420044,1.0,1.0,1.0,1.0,0.875,0.9225473321858864,1.0,0.75,0.0884852134093009,12.213050603866575,E3_permutation,25,verdecasino,4,<workspace_root>\output\week6\checkpoints\heco_encoder__tau0.7__seed45.pt
2026-04-28T14:07:48.424782+00:00,E3_permutation,heco_disc_lr_finetune,45,200,1.0,200,0.9999169111251832,1.0,1.0,1.0,1.0,1.0,1.0,1.0,1.0,0.0526699657306838,12.18723177909851,E3_permutation,26,freshbet,2,<workspace_root>\output\week6\checkpoints\heco_encoder__tau0.7__seed45.pt
2026-04-28T14:08:00.535984+00:00,E3_permutation,heco_disc_lr_finetune,45,200,1.0,200,0.9907538890838624,1.0,1.0,1.0,1.0,0.975609756097561,0.8208333333333333,0.951219512195122,1.0,0.0949583245596402,11.792017459869385,E3_permutation,27,bcgame,2,<workspace_root>\output\week6\checkpoints\heco_encoder__tau0.7__seed45.pt
2026-04-28T14:08:12.709861+00:00,E3_permutation,heco_disc_lr_finetune,45,200,1.0,200,0.9229924082756042,1.0,1.0,1.0,1.0,1.0,1.0,1.0,1.0,0.1965161005604734,11.89893913269043,E3_permutation,28,ggbet,10,<workspace_root>\output\week6\checkpoints\heco_encoder__tau0.7__seed45.pt
2026-04-28T14:08:24.898298+00:00,E3_permutation,heco_disc_lr_finetune,45,200,1.0,200,0.9759188294410706,1.0,1.0,0.9973544973544972,0.9888888888888888,0.9444444444444444,0.9647058823529412,1.0,0.8888888888888888,0.2065405627867536,11.840381860733032,E3_permutation,29,tsars,9,<workspace_root>\output\week6\checkpoints\heco_encoder__tau0.7__seed45.pt
2026-04-28T14:08:37.165014+00:00,E3_permutation,heco_disc_lr_finetune,45,200,1.0,200,0.9891586899757384,1.0,1.0,1.0,1.0,1.0,1.0,1.0,1.0,0.1464537242662399,11.99209690093994,E3_permutation,30,icecasino,6,<workspace_root>\output\week6\checkpoints\heco_encoder__tau0.7__seed45.pt
2026-04-28T14:08:41.176934+00:00,E3_permutation,heco_disc_lr_finetune,45,42,1.0,67,0.8531163930892944,1.0,1.0,0.9878048780487804,0.8875,0.975609756097561,0.8875,0.951219512195122,1.0,0.1558649575150077,3.726077079772949,E3_permutation,31,bcdot,4,<workspace_root>\output\week6\checkpoints\heco_encoder__tau0.7__seed45.pt
2026-04-28T14:08:45.603157+00:00,E3_permutation,heco_disc_lr_finetune,45,51,0.9983739837398372,76,0.8639910221099854,0.9983739837398372,0.9878048780487804,1.0,1.0,1.0,1.0,1.0,1.0,0.1296233006282275,4.148627281188965,E3_permutation,32,verdecasino,4,<workspace_root>\output\week6\checkpoints\heco_encoder__tau0.7__seed45.pt
2026-04-28T14:09:02.705934+00:00,E3_permutation,heco_disc_lr_finetune,45,200,1.0,200,0.6245143413543701,1.0,1.0,1.0,1.0,1.0,1.0,1.0,1.0,0.0457282129605653,16.81804633140564,E3_permutation,33,freshbet,2,<workspace_root>\output\week6\checkpoints\heco_encoder__tau0.7__seed45.pt
2026-04-28T14:09:18.396729+00:00,E3_permutation,heco_disc_lr_finetune,45,200,1.0,200,0.9977946281433104,1.0,1.0,1.0,1.0,1.0,1.0,1.0,1.0,0.0852119367092616,15.19754147529602,E3_permutation,34,bcgame,2,<workspace_root>\output\week6\checkpoints\heco_encoder__tau0.7__seed45.pt
2026-04-28T14:09:24.942332+00:00,E3_permutation,heco_disc_lr_finetune,45,51,1.0,76,0.8840481042861938,1.0,1.0,0.9952380952380953,0.9809090909090908,0.938095238095238,0.938095238095238,0.9761904761904762,0.9,0.2258512212183099,6.17768406867981,E3_permutation,35,ggbet,10,<workspace_root>\output\week6\checkpoints\heco_encoder__tau0.7__seed45.pt
2026-04-28T14:09:40.555283+00:00,E3_permutation,heco_disc_lr_finetune,45,200,1.0,200,0.4672339260578155,1.0,1.0,1.0,1.0,1.0,1.0,1.0,1.0,0.1875068621032371,15.253168106079102,E3_permutation,36,tsars,9,<workspace_root>\output\week6\checkpoints\heco_encoder__tau0.7__seed45.pt
2026-04-28T14:09:56.996354+00:00,E3_permutation,heco_disc_lr_finetune,45,200,1.0,200,0.9951618313789368,1.0,1.0,1.0,1.0,0.988095238095238,0.9555143651529194,0.9761904761904762,1.0,0.1511951138605829,16.071798086166382,E3_permutation,37,icecasino,6,<workspace_root>\output\week6\checkpoints\heco_encoder__tau0.7__seed45.pt
2026-04-28T14:10:02.101488+00:00,E3_permutation,heco_disc_lr_finetune,45,38,0.9983739837398372,63,0.8014306426048279,0.9983739837398372,0.9878048780487804,0.9939024390243902,0.95,0.9878048780487804,0.9382716049382716,0.975609756097561,1.0,0.1363778080259284,4.752303600311279,E3_permutation,38,bcdot,4,<workspace_root>\output\week6\checkpoints\heco_encoder__tau0.7__seed45.pt
2026-04-28T14:10:13.580443+00:00,E3_permutation,heco_disc_lr_finetune,45,126,1.0,151,0.58232182264328,1.0,1.0,1.0,1.0,0.9634146341463414,0.8446490218642118,0.926829268292683,1.0,0.1415662180829235,11.055306911468506,E3_permutation,39,verdecasino,4,<workspace_root>\output\week6\checkpoints\heco_encoder__tau0.7__seed45.pt
2026-04-28T14:10:17.906658+00:00,E3_permutation,heco_disc_lr_finetune,45,41,0.9983739837398372,66,0.8559784889221191,0.9983739837398372,0.9878048780487804,1.0,1.0,1.0,1.0,1.0,1.0,0.1006244693466082,4.028011322021484,E3_permutation,40,freshbet,2,<workspace_root>\output\week6\checkpoints\heco_encoder__tau0.7__seed45.pt
2026-04-28T14:10:30.985900+00:00,E3_permutation,heco_disc_lr_finetune,45,200,1.0,200,0.999784767627716,1.0,1.0,1.0,1.0,1.0,1.0,1.0,1.0,0.0556705683149964,12.754450559616089,E3_permutation,41,bcgame,2,<workspace_root>\output\week6\checkpoints\heco_encoder__tau0.7__seed45.pt
2026-04-28T14:10:36.591770+00:00,E3_permutation,heco_disc_lr_finetune,45,62,1.0,87,0.5508484244346619,1.0,1.0,0.997560975609756,0.9909090909090909,0.975609756097561,0.9420454545454544,0.951219512195122,1.0,0.2192621593779494,5.279410362243652,E3_permutation,42,ggbet,10,<workspace_root>\output\week6\checkpoints\heco_encoder__tau0.7__seed45.pt
2026-04-28T14:10:49.307250+00:00,E3_permutation,heco_disc_lr_finetune,45,200,1.0,200,0.9703134298324584,1.0,1.0,1.0,1.0,1.0,1.0,1.0,1.0,0.1936582109706136,12.423557996749878,E3_permutation,43,tsars,9,<workspace_root>\output\week6\checkpoints\heco_encoder__tau0.7__seed45.pt
2026-04-28T14:11:02.266456+00:00,E3_permutation,heco_disc_lr_finetune,45,200,1.0,200,0.9966415166854858,1.0,1.0,1.0,1.0,1.0,1.0,1.0,1.0,0.1530852989953896,12.658056259155272,E3_permutation,44,icecasino,6,<workspace_root>\output\week6\checkpoints\heco_encoder__tau0.7__seed45.pt
2026-04-28T14:11:12.533176+00:00,E3_permutation,heco_disc_lr_finetune,45,137,1.0,162,0.9808485507965088,1.0,1.0,1.0,1.0,1.0,1.0,1.0,1.0,0.0875197651465436,9.942507266998293,E3_permutation,45,bcdot,4,<workspace_root>\output\week6\checkpoints\heco_encoder__tau0.7__seed45.pt
2026-04-28T14:11:25.236137+00:00,E3_permutation,heco_disc_lr_finetune,45,200,1.0,200,0.9987126588821412,1.0,1.0,1.0,1.0,0.875,0.9226890756302522,1.0,0.75,0.0838375809742368,12.401267051696776,E3_permutation,46,verdecasino,4,<workspace_root>\output\week6\checkpoints\heco_encoder__tau0.7__seed45.pt
2026-04-28T14:11:38.010587+00:00,E3_permutation,heco_disc_lr_finetune,45,200,1.0,200,0.9734375476837158,1.0,1.0,1.0,1.0,1.0,1.0,1.0,1.0,0.0473706835089845,12.483910083770752,E3_permutation,47,freshbet,2,<workspace_root>\output\week6\checkpoints\heco_encoder__tau0.7__seed45.pt
2026-04-28T14:11:50.512394+00:00,E3_permutation,heco_disc_lr_finetune,45,200,1.0,200,0.999834418296814,1.0,1.0,1.0,1.0,0.75,0.8274509803921568,1.0,0.5,0.0461687222803461,12.178887367248535,E3_permutation,48,bcgame,2,<workspace_root>\output\week6\checkpoints\heco_encoder__tau0.7__seed45.pt
2026-04-28T14:11:54.886067+00:00,E3_permutation,heco_disc_lr_finetune,45,43,1.0,68,0.8366824388504028,1.0,1.0,1.0,1.0,0.9,0.9328165374677002,1.0,0.8,0.2312839758450434,4.072897434234619,E3_permutation,49,ggbet,10,<workspace_root>\output\week6\checkpoints\heco_encoder__tau0.7__seed45.pt
2026-04-28T14:12:07.506238+00:00,E3_permutation,heco_disc_lr_finetune,45,200,1.0,200,0.9981518387794496,1.0,1.0,1.0,1.0,1.0,1.0,1.0,1.0,0.1834866069894173,12.30809450149536,E3_permutation,50,tsars,9,<workspace_root>\output\week6\checkpoints\heco_encoder__tau0.7__seed45.pt
2026-04-28T14:12:20.352918+00:00,E3_permutation,heco_disc_lr_finetune,45,200,1.0,200,0.9722327589988708,1.0,1.0,1.0,1.0,1.0,1.0,1.0,1.0,0.135940889901069,12.552951335906982,E3_permutation,51,icecasino,6,<workspace_root>\output\week6\checkpoints\heco_encoder__tau0.7__seed45.pt
2026-04-28T14:12:33.098637+00:00,E3_permutation,heco_disc_lr_finetune,45,200,1.0,200,0.9998711347579956,1.0,1.0,1.0,1.0,0.875,0.9225473321858864,1.0,0.75,0.1104084456893647,12.448527574539185,E3_permutation,52,bcdot,4,<workspace_root>\output\week6\checkpoints\heco_encoder__tau0.7__seed45.pt
2026-04-28T14:12:45.846495+00:00,E3_permutation,heco_disc_lr_finetune,45,200,1.0,200,0.9997755885124208,1.0,1.0,0.9940476190476192,0.95,0.875,0.9226890756302522,1.0,0.75,0.1097540917797517,12.438944816589355,E3_permutation,53,verdecasino,4,<workspace_root>\output\week6\checkpoints\heco_encoder__tau0.7__seed45.pt
2026-04-28T14:12:58.263098+00:00,E3_permutation,heco_disc_lr_finetune,45,200,1.0,200,0.9954355359077454,1.0,1.0,1.0,1.0,1.0,1.0,1.0,1.0,0.0564908550993544,12.111164569854736,E3_permutation,54,freshbet,2,<workspace_root>\output\week6\checkpoints\heco_encoder__tau0.7__seed45.pt
2026-04-28T14:13:11.397271+00:00,E3_permutation,heco_disc_lr_finetune,45,200,1.0,200,0.8901768326759338,1.0,1.0,1.0,1.0,0.75,0.8273092369477911,1.0,0.5,0.0420503112521281,12.747981071472168,E3_permutation,55,bcgame,2,<workspace_root>\output\week6\checkpoints\heco_encoder__tau0.7__seed45.pt
2026-04-28T14:13:24.023294+00:00,E3_permutation,heco_disc_lr_finetune,45,200,1.0,200,0.9955920577049256,1.0,1.0,1.0,1.0,0.9,0.9325396825396826,1.0,0.8,0.2133008061792056,12.329211950302124,E3_permutation,56,ggbet,10,<workspace_root>\output\week6\checkpoints\heco_encoder__tau0.7__seed45.pt
2026-04-28T14:13:36.818529+00:00,E3_permutation,heco_disc_lr_finetune,45,200,1.0,200,0.7063860297203064,1.0,1.0,1.0,1.0,1.0,1.0,1.0,1.0,0.1885117017767371,12.481194734573364,E3_permutation,57,tsars,9,<workspace_root>\output\week6\checkpoints\heco_encoder__tau0.7__seed45.pt
2026-04-28T14:13:41.833417+00:00,E3_permutation,heco_disc_lr_finetune,45,55,1.0,80,0.8827685713768005,1.0,1.0,1.0,1.0,1.0,1.0,1.0,1.0,0.1771378634607598,4.707810401916504,E3_permutation,58,icecasino,6,<workspace_root>\output\week6\checkpoints\heco_encoder__tau0.7__seed45.pt
2026-04-28T14:13:54.513850+00:00,E3_permutation,heco_disc_lr_finetune,45,200,1.0,200,0.8763470649719238,1.0,1.0,1.0,1.0,1.0,1.0,1.0,1.0,0.0879814395114572,12.375678300857544,E3_permutation,59,bcdot,4,<workspace_root>\output\week6\checkpoints\heco_encoder__tau0.7__seed45.pt
2026-04-28T14:13:58.599680+00:00,E3_permutation,heco_disc_lr_finetune,45,39,0.9967479674796748,64,0.856117844581604,0.9967479674796748,0.975609756097561,0.9940476190476192,0.95,0.9523809523809524,0.8083333333333333,0.9047619047619048,1.0,0.1836623458515889,3.776479005813599,E3_permutation,60,verdecasino,4,<workspace_root>\output\week6\checkpoints\heco_encoder__tau0.7__seed45.pt
2026-04-28T14:14:04.887864+00:00,E3_permutation,heco_disc_lr_finetune,45,70,1.0,95,0.8810285925865173,1.0,1.0,1.0,1.0,0.988095238095238,0.8939759036144579,0.9761904761904762,1.0,0.0857141883223861,5.973318815231323,E3_permutation,61,freshbet,2,<workspace_root>\output\week6\checkpoints\heco_encoder__tau0.7__seed45.pt
2026-04-28T14:14:18.109730+00:00,E3_permutation,heco_disc_lr_finetune,45,200,1.0,200,0.9588949680328368,1.0,1.0,1.0,1.0,1.0,1.0,1.0,1.0,0.0649961751738268,12.892913103103638,E3_permutation,62,bcgame,2,<workspace_root>\output\week6\checkpoints\heco_encoder__tau0.7__seed45.pt
2026-04-28T14:14:24.669264+00:00,E3_permutation,heco_disc_lr_finetune,45,77,1.0,102,0.9625931978225708,1.0,1.0,0.9952380952380953,0.9809090909090908,0.938095238095238,0.938095238095238,0.9761904761904762,0.9,0.2345601105366528,6.239818572998047,E3_permutation,63,ggbet,10,<workspace_root>\output\week6\checkpoints\heco_encoder__tau0.7__seed45.pt
2026-04-28T14:14:38.011756+00:00,E3_permutation,heco_disc_lr_finetune,45,200,1.0,200,0.9916233420372008,1.0,1.0,1.0,1.0,0.9444444444444444,0.9647058823529412,1.0,0.8888888888888888,0.1891596467749214,13.044773817062378,E3_permutation,64,tsars,9,<workspace_root>\output\week6\checkpoints\heco_encoder__tau0.7__seed45.pt
2026-04-28T14:14:50.534311+00:00,E3_permutation,heco_disc_lr_finetune,45,200,1.0,200,0.993980884552002,1.0,1.0,1.0,1.0,1.0,1.0,1.0,1.0,0.1278513719744306,12.203741788864136,E3_permutation,65,icecasino,6,<workspace_root>\output\week6\checkpoints\heco_encoder__tau0.7__seed45.pt
2026-04-28T14:15:03.459255+00:00,E3_permutation,heco_disc_lr_finetune,45,200,1.0,200,0.9507418274879456,1.0,1.0,1.0,1.0,0.9878048780487804,0.9382716049382716,0.975609756097561,1.0,0.1111794595465614,12.590612649917604,E3_permutation,66,bcdot,4,<workspace_root>\output\week6\checkpoints\heco_encoder__tau0.7__seed45.pt
2026-04-28T14:15:16.011900+00:00,E3_permutation,heco_disc_lr_finetune,45,200,1.0,200,0.976049780845642,1.0,1.0,1.0,1.0,0.875,0.9225473321858864,1.0,0.75,0.0910392205083485,12.244863271713257,E3_permutation,67,verdecasino,4,<workspace_root>\output\week6\checkpoints\heco_encoder__tau0.7__seed45.pt
2026-04-28T14:15:21.025807+00:00,E3_permutation,heco_disc_lr_finetune,45,52,1.0,77,0.8490291237831116,1.0,1.0,1.0,1.0,0.9878048780487804,0.8938271604938272,0.975609756097561,1.0,0.0856058625797911,4.697643041610718,E3_permutation,68,freshbet,2,<workspace_root>\output\week6\checkpoints\heco_encoder__tau0.7__seed45.pt
2026-04-28T14:15:33.878689+00:00,E3_permutation,heco_disc_lr_finetune,45,200,1.0,200,0.9974493384361268,1.0,1.0,1.0,1.0,1.0,1.0,1.0,1.0,0.0511278569138366,12.54800820350647,E3_permutation,69,bcgame,2,<workspace_root>\output\week6\checkpoints\heco_encoder__tau0.7__seed45.pt
2026-04-28T14:15:41.723101+00:00,E3_permutation,heco_disc_lr_finetune,45,102,1.0,127,0.2307963669300079,1.0,1.0,1.0,1.0,1.0,1.0,1.0,1.0,0.1805495148232715,7.528863906860352,E3_permutation,70,ggbet,10,<workspace_root>\output\week6\checkpoints\heco_encoder__tau0.7__seed45.pt
2026-04-28T14:15:54.354669+00:00,E3_permutation,heco_disc_lr_finetune,45,200,1.0,200,0.8975770473480225,1.0,1.0,1.0,1.0,1.0,1.0,1.0,1.0,0.1958856350762666,12.324416637420654,E3_permutation,71,tsars,9,<workspace_root>\output\week6\checkpoints\heco_encoder__tau0.7__seed45.pt
2026-04-28T14:15:59.632990+00:00,E3_permutation,heco_disc_lr_finetune,45,60,1.0,85,0.9514464139938354,1.0,1.0,1.0,1.0,1.0,1.0,1.0,1.0,0.1696528968292682,4.966427564620972,E3_permutation,72,icecasino,6,<workspace_root>\output\week6\checkpoints\heco_encoder__tau0.7__seed45.pt
2026-04-28T14:16:12.654395+00:00,E3_permutation,heco_disc_lr_finetune,45,200,1.0,200,0.9635621309280396,1.0,1.0,1.0,1.0,1.0,1.0,1.0,1.0,0.0879163696234435,12.732537269592283,E3_permutation,73,bcdot,4,<workspace_root>\output\week6\checkpoints\heco_encoder__tau0.7__seed45.pt
2026-04-28T14:16:25.146733+00:00,E3_permutation,heco_disc_lr_finetune,45,200,1.0,200,0.9183643460273744,1.0,1.0,1.0,1.0,1.0,1.0,1.0,1.0,0.0878679606599042,12.197883367538452,E3_permutation,74,verdecasino,4,<workspace_root>\output\week6\checkpoints\heco_encoder__tau0.7__seed45.pt
2026-04-28T14:16:37.973759+00:00,E3_permutation,heco_disc_lr_finetune,45,200,1.0,200,0.9495105743408204,1.0,1.0,1.0,1.0,1.0,1.0,1.0,1.0,0.0454966408259747,12.5188090801239,E3_permutation,75,freshbet,2,<workspace_root>\output\week6\checkpoints\heco_encoder__tau0.7__seed45.pt
2026-04-28T14:16:50.485177+00:00,E3_permutation,heco_disc_lr_finetune,45,200,1.0,200,0.9815779328346252,1.0,1.0,1.0,1.0,0.988095238095238,0.8939759036144579,0.9761904761904762,1.0,0.0766662049562433,12.194832801818848,E3_permutation,76,bcgame,2,<workspace_root>\output\week6\checkpoints\heco_encoder__tau0.7__seed45.pt
2026-04-28T14:17:02.609118+00:00,E3_permutation,heco_disc_lr_finetune,45,167,1.0,192,0.0159804932773113,1.0,1.0,1.0,1.0,1.0,1.0,1.0,1.0,0.1929266337612172,11.817523956298828,E3_permutation,77,ggbet,10,<workspace_root>\output\week6\checkpoints\heco_encoder__tau0.7__seed45.pt
2026-04-28T14:17:15.119814+00:00,E3_permutation,heco_disc_lr_finetune,45,200,1.0,200,0.9545976519584656,1.0,1.0,1.0,1.0,0.9878048780487804,0.9675113710201428,0.975609756097561,1.0,0.2096796777674277,12.18812370300293,E3_permutation,78,tsars,9,<workspace_root>\output\week6\checkpoints\heco_encoder__tau0.7__seed45.pt
2026-04-28T14:17:27.753869+00:00,E3_permutation,heco_disc_lr_finetune,45,200,1.0,200,0.997034788131714,1.0,1.0,0.996031746031746,0.9761904761904762,0.9047619047619048,0.9047619047619048,0.9761904761904762,0.8333333333333334,0.1506259987800893,12.322845935821531,E3_permutation,79,icecasino,6,<workspace_root>\output\week6\checkpoints\heco_encoder__tau0.7__seed45.pt
2026-04-28T14:17:33.983874+00:00,E3_permutation,heco_disc_lr_finetune,45,72,1.0,97,0.8856053352355957,1.0,1.0,0.9939024390243902,0.95,0.8628048780487805,0.8628048780487805,0.975609756097561,0.75,0.1079553062683656,5.9278645515441895,E3_permutation,80,bcdot,4,<workspace_root>\output\week6\checkpoints\heco_encoder__tau0.7__seed45.pt
2026-04-28T14:17:46.739838+00:00,E3_permutation,heco_disc_lr_finetune,45,200,1.0,200,0.9773240685462952,1.0,1.0,1.0,1.0,1.0,1.0,1.0,1.0,0.0872717428776755,12.4289813041687,E3_permutation,81,verdecasino,4,<workspace_root>\output\week6\checkpoints\heco_encoder__tau0.7__seed45.pt
2026-04-28T14:17:59.313302+00:00,E3_permutation,heco_disc_lr_finetune,45,200,1.0,200,0.9776703119277954,1.0,1.0,1.0,1.0,0.988095238095238,0.8939759036144579,0.9761904761904762,1.0,0.0688512287972234,12.150752544403076,E3_permutation,82,freshbet,2,<workspace_root>\output\week6\checkpoints\heco_encoder__tau0.7__seed45.pt
2026-04-28T14:18:12.327231+00:00,E3_permutation,heco_disc_lr_finetune,45,200,1.0,200,0.983688235282898,1.0,1.0,1.0,1.0,0.75,0.8273092369477911,1.0,0.5,0.0449849248747907,12.704003095626833,E3_permutation,83,bcgame,2,<workspace_root>\output\week6\checkpoints\heco_encoder__tau0.7__seed45.pt
2026-04-28T14:18:18.199942+00:00,E3_permutation,heco_disc_lr_finetune,45,69,1.0,94,0.556481659412384,1.0,1.0,1.0,1.0,0.9642857142857144,0.9162640901771336,0.9285714285714286,1.0,0.2387952851932313,5.563787698745728,E3_permutation,84,ggbet,10,<workspace_root>\output\week6\checkpoints\heco_encoder__tau0.7__seed45.pt
2026-04-28T14:18:31.036352+00:00,E3_permutation,heco_disc_lr_finetune,45,200,1.0,200,0.9533490538597108,1.0,1.0,1.0,1.0,1.0,1.0,1.0,1.0,0.1799368803697862,12.5068998336792,E3_permutation,85,tsars,9,<workspace_root>\output\week6\checkpoints\heco_encoder__tau0.7__seed45.pt
2026-04-28T14:18:43.889725+00:00,E3_permutation,heco_disc_lr_finetune,45,200,1.0,200,0.997649610042572,1.0,1.0,1.0,1.0,0.9878048780487804,0.9553656220322888,0.975609756097561,1.0,0.157341210700156,12.540935516357422,E3_permutation,86,icecasino,6,<workspace_root>\output\week6\checkpoints\heco_encoder__tau0.7__seed45.pt
2026-04-28T14:18:56.773090+00:00,E3_permutation,heco_disc_lr_finetune,45,200,1.0,200,0.9667767882347108,1.0,1.0,1.0,1.0,0.75,0.821705426356589,1.0,0.5,0.0823953846559009,12.572972297668455,E3_permutation,87,bcdot,4,<workspace_root>\output\week6\checkpoints\heco_encoder__tau0.7__seed45.pt
2026-04-28T14:19:09.426908+00:00,E3_permutation,heco_disc_lr_finetune,45,200,1.0,200,0.2696096897125244,1.0,1.0,1.0,1.0,0.9878048780487804,0.9382716049382716,0.975609756097561,1.0,0.1047113287977351,12.353049993515016,E3_permutation,88,verdecasino,4,<workspace_root>\output\week6\checkpoints\heco_encoder__tau0.7__seed45.pt
2026-04-28T14:19:21.726410+00:00,E3_permutation,heco_disc_lr_finetune,45,200,1.0,200,0.9986565113067628,1.0,1.0,1.0,1.0,0.75,0.8274509803921568,1.0,0.5,0.0492374919594335,12.00663995742798,E3_permutation,89,freshbet,2,<workspace_root>\output\week6\checkpoints\heco_encoder__tau0.7__seed45.pt
2026-04-28T14:19:34.789694+00:00,E3_permutation,heco_disc_lr_finetune,45,200,1.0,200,0.900461733341217,1.0,1.0,1.0,1.0,1.0,1.0,1.0,1.0,0.0471348307985442,12.761794328689575,E3_permutation,90,bcgame,2,<workspace_root>\output\week6\checkpoints\heco_encoder__tau0.7__seed45.pt
2026-04-28T14:19:47.369923+00:00,E3_permutation,heco_disc_lr_finetune,45,200,1.0,200,0.8441444039344788,1.0,1.0,1.0,1.0,0.95,0.9673550966022652,1.0,0.9,0.2004782091489168,12.268509864807127,E3_permutation,91,ggbet,10,<workspace_root>\output\week6\checkpoints\heco_encoder__tau0.7__seed45.pt
2026-04-28T14:19:52.331625+00:00,E3_permutation,heco_disc_lr_finetune,45,55,1.0,80,0.3172692656517029,1.0,1.0,1.0,1.0,0.9878048780487804,0.9675113710201428,0.975609756097561,1.0,0.1904795382142301,4.662149667739868,E3_permutation,92,tsars,9,<workspace_root>\output\week6\checkpoints\heco_encoder__tau0.7__seed45.pt
2026-04-28T14:20:05.291662+00:00,E3_permutation,heco_disc_lr_finetune,45,200,1.0,200,0.7531474232673645,1.0,1.0,1.0,1.0,0.9878048780487804,0.9553656220322888,0.975609756097561,1.0,0.1488654942773101,12.65504240989685,E3_permutation,93,icecasino,6,<workspace_root>\output\week6\checkpoints\heco_encoder__tau0.7__seed45.pt
2026-04-28T14:20:17.952502+00:00,E3_permutation,heco_disc_lr_finetune,45,189,1.0,200,0.9820099472999572,1.0,1.0,1.0,1.0,1.0,1.0,1.0,1.0,0.0925167106743471,12.351354598999023,E3_permutation,94,bcdot,4,<workspace_root>\output\week6\checkpoints\heco_encoder__tau0.7__seed45.pt
2026-04-28T14:20:29.721285+00:00,E3_permutation,heco_disc_lr_finetune,45,163,1.0,188,0.6118866205215454,1.0,1.0,1.0,1.0,0.988095238095238,0.9384203480589022,0.9761904761904762,1.0,0.1056262719659616,11.415325164794922,E3_permutation,95,verdecasino,4,<workspace_root>\output\week6\checkpoints\heco_encoder__tau0.7__seed45.pt
2026-04-28T14:20:34.192505+00:00,E3_permutation,heco_disc_lr_finetune,45,42,1.0,67,0.9171919226646424,1.0,1.0,1.0,1.0,0.9642857142857144,0.7671957671957672,0.9285714285714286,1.0,0.2211314232740161,4.172681570053101,E3_permutation,96,freshbet,2,<workspace_root>\output\week6\checkpoints\heco_encoder__tau0.7__seed45.pt
2026-04-28T14:20:45.928313+00:00,E3_permutation,heco_disc_lr_finetune,45,164,1.0,189,0.996313750743866,1.0,1.0,1.0,1.0,1.0,1.0,1.0,1.0,0.0488104186223753,11.410643100738524,E3_permutation,97,bcgame,2,<workspace_root>\output\week6\checkpoints\heco_encoder__tau0.7__seed45.pt
2026-04-28T14:20:58.911268+00:00,E3_permutation,heco_disc_lr_finetune,45,200,1.0,200,0.9999632835388184,1.0,1.0,1.0,1.0,0.75,0.8045977011494252,1.0,0.5,0.1962377663548045,12.66465950012207,E3_permutation,98,ggbet,10,<workspace_root>\output\week6\checkpoints\heco_encoder__tau0.7__seed45.pt
2026-04-28T14:21:02.311919+00:00,E3_permutation,heco_disc_lr_finetune,45,26,1.0,51,0.4867576658725738,1.0,1.0,0.989159891598916,0.9535634118967452,0.9200542005420054,0.9025341130604289,0.951219512195122,0.8888888888888888,0.1377342886770611,3.0933263301849365,E3_permutation,99,tsars,9,<workspace_root>\output\week6\checkpoints\heco_encoder__tau0.7__seed45.pt
2026-04-28T14:21:44.238502+00:00,E3_permutation,heco_disc_lr_finetune,46,200,1.0,200,0.4763134717941284,1.0,1.0,0.9975609756097561,0.9909090909090909,0.9878048780487805,0.9700176366843033,0.975609756097561,1.0,0.20482968046210126,10.942032098770142,E3_permutation,0,ggbet,10,<workspace_root>\output\week6\checkpoints\heco_encoder__tau0.7__seed46.pt
2026-04-28T14:21:50.482501+00:00,E3_permutation,heco_disc_lr_finetune,46,75,0.994773519163763,100,0.8273680210113525,0.994773519163763,0.9878048780487805,1.0,1.0,1.0,1.0,1.0,1.0,0.18603091919301393,5.917323589324951,E3_permutation,1,tsars,9,<workspace_root>\output\week6\checkpoints\heco_encoder__tau0.7__seed46.pt
2026-04-28T14:22:03.746025+00:00,E3_permutation,heco_disc_lr_finetune,46,200,1.0,200,0.46399742364883423,1.0,1.0,0.996031746031746,0.9761904761904762,0.9047619047619048,0.9047619047619048,0.9761904761904762,0.8333333333333334,0.13367056882875314,12.965611219406128,E3_permutation,2,icecasino,6,<workspace_root>\output\week6\checkpoints\heco_encoder__tau0.7__seed46.pt
2026-04-28T14:22:16.379985+00:00,E3_permutation,heco_disc_lr_finetune,46,200,1.0,200,0.972602128982544,1.0,1.0,1.0,1.0,1.0,1.0,1.0,1.0,0.1089174622738233,12.32945966720581,E3_permutation,3,bcdot,4,<workspace_root>\output\week6\checkpoints\heco_encoder__tau0.7__seed46.pt
2026-04-28T14:22:29.110976+00:00,E3_permutation,heco_disc_lr_finetune,46,200,1.0,200,0.9431337714195251,1.0,1.0,1.0,1.0,1.0,1.0,1.0,1.0,0.09871690667842974,12.438769102096558,E3_permutation,4,verdecasino,4,<workspace_root>\output\week6\checkpoints\heco_encoder__tau0.7__seed46.pt
2026-04-28T14:22:33.109327+00:00,E3_permutation,heco_disc_lr_finetune,46,35,1.0,60,0.5723174810409546,1.0,1.0,1.0,1.0,0.9878048780487805,0.8938271604938272,0.975609756097561,1.0,0.06012196912210926,3.676748037338257,E3_permutation,5,freshbet,2,<workspace_root>\output\week6\checkpoints\heco_encoder__tau0.7__seed46.pt
2026-04-28T14:22:45.513120+00:00,E3_permutation,heco_disc_lr_finetune,46,200,1.0,200,0.2652595639228821,1.0,1.0,1.0,1.0,0.9880952380952381,0.8939759036144579,0.9761904761904762,1.0,0.05413300826642387,12.093098163604736,E3_permutation,6,bcgame,2,<workspace_root>\output\week6\checkpoints\heco_encoder__tau0.7__seed46.pt
2026-04-28T14:22:54.143828+00:00,E3_permutation,heco_disc_lr_finetune,46,115,1.0,140,0.9858609437942505,1.0,1.0,1.0,0.9999999999999999,0.95,0.9676601141407736,1.0,0.9,0.18438909840135273,8.325249195098877,E3_permutation,7,ggbet,10,<workspace_root>\output\week6\checkpoints\heco_encoder__tau0.7__seed46.pt
2026-04-28T14:23:07.234160+00:00,E3_permutation,heco_disc_lr_finetune,46,200,1.0,200,0.8347890973091125,1.0,1.0,1.0,1.0,1.0,1.0,1.0,1.0,0.17625986364942497,12.759117603302002,E3_permutation,8,tsars,9,<workspace_root>\output\week6\checkpoints\heco_encoder__tau0.7__seed46.pt
2026-04-28T14:23:19.975603+00:00,E3_permutation,heco_disc_lr_finetune,46,200,1.0,200,0.7886379957199097,1.0,1.0,1.0,1.0,1.0,1.0,1.0,1.0,0.13373272572629827,12.429294109344482,E3_permutation,9,icecasino,6,<workspace_root>\output\week6\checkpoints\heco_encoder__tau0.7__seed46.pt
2026-04-28T14:23:25.623498+00:00,E3_permutation,heco_disc_lr_finetune,46,63,0.9967479674796748,88,0.2623724043369293,0.9967479674796748,0.9878048780487805,1.0,1.0,0.975609756097561,0.8875,0.9512195121951219,1.0,0.1096504189460958,5.3427815437316895,E3_permutation,10,bcdot,4,<workspace_root>\output\week6\checkpoints\heco_encoder__tau0.7__seed46.pt
2026-04-28T14:23:39.017663+00:00,E3_permutation,heco_disc_lr_finetune,46,200,1.0,200,0.9068878889083862,1.0,1.0,1.0,1.0,1.0,1.0,1.0,1.0,0.088215647067173,12.918242931365967,E3_permutation,11,verdecasino,4,<workspace_root>\output\week6\checkpoints\heco_encoder__tau0.7__seed46.pt
2026-04-28T14:23:46.094503+00:00,E3_permutation,heco_disc_lr_finetune,46,90,1.0,115,0.010052083991467953,1.0,1.0,1.0,1.0,0.9642857142857143,0.7671957671957672,0.9285714285714286,1.0,0.05013207311847494,6.746253728866577,E3_permutation,12,freshbet,2,<workspace_root>\output\week6\checkpoints\heco_encoder__tau0.7__seed46.pt
2026-04-28T14:23:58.863501+00:00,E3_permutation,heco_disc_lr_finetune,46,200,1.0,200,0.9983285069465637,1.0,1.0,1.0,1.0,1.0,1.0,1.0,1.0,0.04718901063296434,12.4573655128479,E3_permutation,13,bcgame,2,<workspace_root>\output\week6\checkpoints\heco_encoder__tau0.7__seed46.pt
2026-04-28T14:24:11.561627+00:00,E3_permutation,heco_disc_lr_finetune,46,191,1.0,200,0.008890573866665363,1.0,1.0,1.0,0.9999999999999999,0.9642857142857143,0.9162640901771336,0.9285714285714286,1.0,0.17717500225010083,12.390848398208618,E3_permutation,14,ggbet,10,<workspace_root>\output\week6\checkpoints\heco_encoder__tau0.7__seed46.pt
2026-04-28T14:24:16.351021+00:00,E3_permutation,heco_disc_lr_finetune,46,32,1.0,57,0.5382768511772156,1.0,1.0,0.9894179894179894,0.9658119658119659,0.9206349206349206,0.9029803424223208,0.9523809523809523,0.8888888888888888,0.12094039887513315,4.443272352218628,E3_permutation,15,tsars,9,<workspace_root>\output\week6\checkpoints\heco_encoder__tau0.7__seed46.pt
2026-04-28T14:24:26.937394+00:00,E3_permutation,heco_disc_lr_finetune,46,134,0.9982578397212544,159,0.4039713144302368,0.9982578397212544,0.9878048780487805,1.0,1.0,0.9166666666666667,0.9486631016042781,1.0,0.8333333333333334,0.10885506681698853,10.246853828430176,E3_permutation,16,icecasino,6,<workspace_root>\output\week6\checkpoints\heco_encoder__tau0.7__seed46.pt
2026-04-28T14:24:40.181089+00:00,E3_permutation,heco_disc_lr_finetune,46,200,1.0,200,0.3564034402370453,1.0,1.0,1.0,1.0,1.0,1.0,1.0,1.0,0.09337625605546816,12.932733535766602,E3_permutation,17,bcdot,4,<workspace_root>\output\week6\checkpoints\heco_encoder__tau0.7__seed46.pt
2026-04-28T14:24:46.783710+00:00,E3_permutation,heco_disc_lr_finetune,46,77,1.0,102,0.8125929236412048,1.0,1.0,0.9940476190476191,0.95,0.9880952380952381,0.9384203480589022,0.9761904761904762,1.0,0.13165516023221016,6.244988918304443,E3_permutation,18,verdecasino,4,<workspace_root>\output\week6\checkpoints\heco_encoder__tau0.7__seed46.pt
2026-04-28T14:24:57.305584+00:00,E3_permutation,heco_disc_lr_finetune,46,132,0.9983739837398373,157,0.0032840208150446415,0.9983739837398373,0.9878048780487805,1.0,1.0,0.9523809523809523,0.725,0.9047619047619048,1.0,0.06397628770515583,10.207308769226074,E3_permutation,19,freshbet,2,<workspace_root>\output\week6\checkpoints\heco_encoder__tau0.7__seed46.pt
2026-04-28T14:25:10.820346+00:00,E3_permutation,heco_disc_lr_finetune,46,200,1.0,200,0.7950915098190308,1.0,1.0,1.0,1.0,0.9880952380952381,0.8939759036144579,0.9761904761904762,1.0,0.06658122585151166,13.170156478881836,E3_permutation,20,bcgame,2,<workspace_root>\output\week6\checkpoints\heco_encoder__tau0.7__seed46.pt
2026-04-28T14:25:23.982222+00:00,E3_permutation,heco_disc_lr_finetune,46,200,1.0,200,0.845758318901062,1.0,1.0,0.9976190476190476,0.990909090909091,0.9880952380952381,0.970166379804934,0.9761904761904762,1.0,0.22249856915427468,12.849985361099243,E3_permutation,21,ggbet,10,<workspace_root>\output\week6\checkpoints\heco_encoder__tau0.7__seed46.pt
2026-04-28T14:25:37.447520+00:00,E3_permutation,heco_disc_lr_finetune,46,200,1.0,200,0.9866489768028259,1.0,1.0,1.0,1.0,1.0,1.0,1.0,1.0,0.1810402217971393,13.11627459526062,E3_permutation,22,tsars,9,<workspace_root>\output\week6\checkpoints\heco_encoder__tau0.7__seed46.pt
2026-04-28T14:25:50.617541+00:00,E3_permutation,heco_disc_lr_finetune,46,200,1.0,200,0.9981245398521423,1.0,1.0,1.0,1.0,1.0,1.0,1.0,1.0,0.15410948920993067,12.829268217086792,E3_permutation,23,icecasino,6,<workspace_root>\output\week6\checkpoints\heco_encoder__tau0.7__seed46.pt
2026-04-28T14:25:57.036063+00:00,E3_permutation,heco_disc_lr_finetune,46,76,1.0,101,0.48365044593811035,1.0,1.0,1.0,1.0,1.0,1.0,1.0,1.0,0.09156220916125282,6.109543800354004,E3_permutation,24,bcdot,4,<workspace_root>\output\week6\checkpoints\heco_encoder__tau0.7__seed46.pt
2026-04-28T14:26:10.501366+00:00,E3_permutation,heco_disc_lr_finetune,46,200,1.0,200,0.8996788859367371,1.0,1.0,1.0,1.0,1.0,1.0,1.0,1.0,0.09020659350220879,13.120078086853027,E3_permutation,25,verdecasino,4,<workspace_root>\output\week6\checkpoints\heco_encoder__tau0.7__seed46.pt
2026-04-28T14:26:23.619338+00:00,E3_permutation,heco_disc_lr_finetune,46,200,1.0,200,0.9972973465919495,1.0,1.0,0.975609756097561,0.75,0.975609756097561,0.8208333333333333,0.9512195121951219,1.0,0.0978627497197342,12.807438135147095,E3_permutation,26,freshbet,2,<workspace_root>\output\week6\checkpoints\heco_encoder__tau0.7__seed46.pt
2026-04-28T14:26:36.971327+00:00,E3_permutation,heco_disc_lr_finetune,46,200,1.0,200,0.8134198188781738,1.0,1.0,1.0,1.0,1.0,1.0,1.0,1.0,0.047259264286952395,13.050742149353027,E3_permutation,27,bcgame,2,<workspace_root>\output\week6\checkpoints\heco_encoder__tau0.7__seed46.pt
2026-04-28T14:26:50.172155+00:00,E3_permutation,heco_disc_lr_finetune,46,200,1.0,200,0.9988327622413635,1.0,1.0,0.9976190476190476,0.9909090909090909,0.85,0.8945233265720081,1.0,0.7,0.2335127172890004,12.887461185455322,E3_permutation,28,ggbet,10,<workspace_root>\output\week6\checkpoints\heco_encoder__tau0.7__seed46.pt
2026-04-28T14:27:03.698814+00:00,E3_permutation,heco_disc_lr_finetune,46,200,1.0,200,0.9643696546554565,1.0,1.0,1.0,1.0,0.8333333333333333,0.8823529411764706,1.0,0.6666666666666666,0.1591849343577331,13.171559572219849,E3_permutation,29,tsars,9,<workspace_root>\output\week6\checkpoints\heco_encoder__tau0.7__seed46.pt
2026-04-28T14:27:16.032048+00:00,E3_permutation,heco_disc_lr_finetune,46,167,1.0,192,0.023449594154953957,1.0,1.0,1.0,1.0,1.0,1.0,1.0,1.0,0.12519916905994335,12.036467790603638,E3_permutation,30,icecasino,6,<workspace_root>\output\week6\checkpoints\heco_encoder__tau0.7__seed46.pt
2026-04-28T14:27:20.303675+00:00,E3_permutation,heco_disc_lr_finetune,46,39,1.0,64,0.7158410549163818,1.0,1.0,0.9939024390243902,0.95,0.8628048780487805,0.8628048780487805,0.975609756097561,0.75,0.13004772979783677,3.924290657043457,E3_permutation,31,bcdot,4,<workspace_root>\output\week6\checkpoints\heco_encoder__tau0.7__seed46.pt
2026-04-28T14:27:33.716523+00:00,E3_permutation,heco_disc_lr_finetune,46,200,1.0,200,0.6846928596496582,1.0,1.0,1.0,1.0,1.0,1.0,1.0,1.0,0.0880699620632595,13.1101233959198,E3_permutation,32,verdecasino,4,<workspace_root>\output\week6\checkpoints\heco_encoder__tau0.7__seed46.pt
2026-04-28T14:27:41.953553+00:00,E3_permutation,heco_disc_lr_finetune,46,106,1.0,131,0.981812596321106,1.0,1.0,0.9761904761904762,0.75,0.75,0.8274509803921568,1.0,0.5,0.04763519217265668,7.924875974655151,E3_permutation,33,freshbet,2,<workspace_root>\output\week6\checkpoints\heco_encoder__tau0.7__seed46.pt
2026-04-28T14:27:46.676676+00:00,E3_permutation,heco_disc_lr_finetune,46,49,0.9853658536585366,74,0.5517340898513794,0.9853658536585366,0.9634146341463414,1.0,1.0,0.9642857142857143,0.7671957671957672,0.9285714285714286,1.0,0.10650376899766703,4.415429592132568,E3_permutation,34,bcgame,2,<workspace_root>\output\week6\checkpoints\heco_encoder__tau0.7__seed46.pt
2026-04-28T14:27:59.683275+00:00,E3_permutation,heco_disc_lr_finetune,46,200,1.0,200,0.960760235786438,1.0,1.0,1.0,1.0,1.0,1.0,1.0,1.0,0.20403740092763947,12.71083378791809,E3_permutation,35,ggbet,10,<workspace_root>\output\week6\checkpoints\heco_encoder__tau0.7__seed46.pt
2026-04-28T14:28:13.101526+00:00,E3_permutation,heco_disc_lr_finetune,46,200,1.0,200,0.9916941523551941,1.0,1.0,0.9973544973544973,0.9888888888888889,0.9880952380952381,0.9676601141407736,0.9761904761904762,1.0,0.19626313659980468,13.11219835281372,E3_permutation,36,tsars,9,<workspace_root>\output\week6\checkpoints\heco_encoder__tau0.7__seed46.pt
2026-04-28T14:28:17.651824+00:00,E3_permutation,heco_disc_lr_finetune,46,44,0.9982578397212544,69,0.739036500453949,0.9982578397212544,0.9878048780487805,1.0,1.0,0.975609756097561,0.9160714285714285,0.9512195121951219,1.0,0.16582460719267295,4.242631673812866,E3_permutation,37,icecasino,6,<workspace_root>\output\week6\checkpoints\heco_encoder__tau0.7__seed46.pt
2026-04-28T14:28:36.000590+00:00,E3_permutation,heco_disc_lr_finetune,46,200,1.0,200,0.64722740650177,1.0,1.0,1.0,1.0,0.9634146341463414,0.8446490218642118,0.926829268292683,1.0,0.15261711299724112,18.065114974975586,E3_permutation,38,bcdot,4,<workspace_root>\output\week6\checkpoints\heco_encoder__tau0.7__seed46.pt
2026-04-28T14:28:41.535151+00:00,E3_permutation,heco_disc_lr_finetune,46,41,0.9967479674796748,66,0.5622664093971252,0.9967479674796748,0.9878048780487805,1.0,1.0,0.9642857142857143,0.8451178451178452,0.9285714285714286,1.0,0.11389503558383617,5.089590072631836,E3_permutation,39,verdecasino,4,<workspace_root>\output\week6\checkpoints\heco_encoder__tau0.7__seed46.pt
2026-04-28T14:28:57.174484+00:00,E3_permutation,heco_disc_lr_finetune,46,200,1.0,200,0.9948628544807434,1.0,1.0,1.0,1.0,1.0,1.0,1.0,1.0,0.04662709633792988,15.126516819000244,E3_permutation,40,freshbet,2,<workspace_root>\output\week6\checkpoints\heco_encoder__tau0.7__seed46.pt
2026-04-28T14:29:11.067870+00:00,E3_permutation,heco_disc_lr_finetune,46,200,1.0,200,0.9732109308242798,1.0,1.0,1.0,1.0,0.9878048780487805,0.8938271604938272,0.975609756097561,1.0,0.0710383194876492,13.568979501724243,E3_permutation,41,bcgame,2,<workspace_root>\output\week6\checkpoints\heco_encoder__tau0.7__seed46.pt
2026-04-28T14:29:24.724997+00:00,E3_permutation,heco_disc_lr_finetune,46,200,1.0,200,0.9987635612487793,1.0,1.0,1.0,1.0,0.9,0.9328165374677002,1.0,0.8,0.19367407597002378,13.317042827606201,E3_permutation,42,ggbet,10,<workspace_root>\output\week6\checkpoints\heco_encoder__tau0.7__seed46.pt
2026-04-28T14:29:38.498915+00:00,E3_permutation,heco_disc_lr_finetune,46,200,1.0,200,0.5372912287712097,1.0,1.0,1.0,1.0,0.9878048780487805,0.9675113710201428,0.975609756097561,1.0,0.2040609198712159,13.464954376220703,E3_permutation,43,tsars,9,<workspace_root>\output\week6\checkpoints\heco_encoder__tau0.7__seed46.pt
2026-04-28T14:29:52.104391+00:00,E3_permutation,heco_disc_lr_finetune,46,200,0.9982578397212544,200,0.5352962613105774,0.9982578397212544,0.9878048780487805,1.0,1.0,1.0,1.0,1.0,1.0,0.12549517275548158,13.258650064468384,E3_permutation,44,icecasino,6,<workspace_root>\output\week6\checkpoints\heco_encoder__tau0.7__seed46.pt
2026-04-28T14:30:06.377454+00:00,E3_permutation,heco_disc_lr_finetune,46,200,1.0,200,0.9915887713432312,1.0,1.0,1.0,1.0,0.75,0.821705426356589,1.0,0.5,0.08651546494638264,13.949814081192017,E3_permutation,45,bcdot,4,<workspace_root>\output\week6\checkpoints\heco_encoder__tau0.7__seed46.pt
2026-04-28T14:30:20.031976+00:00,E3_permutation,heco_disc_lr_finetune,46,200,1.0,200,0.7339072227478027,1.0,1.0,1.0,1.0,1.0,1.0,1.0,1.0,0.09157098174458042,13.335395336151123,E3_permutation,46,verdecasino,4,<workspace_root>\output\week6\checkpoints\heco_encoder__tau0.7__seed46.pt
2026-04-28T14:30:33.836922+00:00,E3_permutation,heco_disc_lr_finetune,46,200,1.0,200,0.9999464750289917,1.0,1.0,1.0,1.0,1.0,1.0,1.0,1.0,0.04650431520716673,13.470555067062378,E3_permutation,47,freshbet,2,<workspace_root>\output\week6\checkpoints\heco_encoder__tau0.7__seed46.pt
2026-04-28T14:30:45.188845+00:00,E3_permutation,heco_disc_lr_finetune,46,150,1.0,175,0.9974712133407593,1.0,1.0,0.988095238095238,0.8333333333333333,0.75,0.8274509803921568,1.0,0.5,0.053442629474989574,10.981383323669434,E3_permutation,48,bcgame,2,<workspace_root>\output\week6\checkpoints\heco_encoder__tau0.7__seed46.pt
2026-04-28T14:30:56.633382+00:00,E3_permutation,heco_disc_lr_finetune,46,149,0.9962476547842402,174,0.016247496008872986,0.9962476547842402,0.975609756097561,1.0,1.0,0.9761904761904762,0.9423503325942351,0.9523809523809523,1.0,0.19934634459670741,11.111817598342896,E3_permutation,49,ggbet,10,<workspace_root>\output\week6\checkpoints\heco_encoder__tau0.7__seed46.pt
2026-04-28T14:31:10.703608+00:00,E3_permutation,heco_disc_lr_finetune,46,200,1.0,200,0.15025724470615387,1.0,1.0,1.0,1.0,0.9880952380952381,0.9676601141407736,0.9761904761904762,1.0,0.1858905489045225,13.77391767501831,E3_permutation,50,tsars,9,<workspace_root>\output\week6\checkpoints\heco_encoder__tau0.7__seed46.pt
2026-04-28T14:31:21.049596+00:00,E3_permutation,heco_disc_lr_finetune,46,129,1.0,154,0.1524987667798996,1.0,1.0,1.0,1.0,1.0,1.0,1.0,1.0,0.12805486495043591,10.040786981582642,E3_permutation,51,icecasino,6,<workspace_root>\output\week6\checkpoints\heco_encoder__tau0.7__seed46.pt
2026-04-28T14:31:34.852386+00:00,E3_permutation,heco_disc_lr_finetune,46,200,1.0,200,0.9980277419090271,1.0,1.0,0.9821428571428571,0.8041666666666667,0.7380952380952381,0.7680672268907562,0.9761904761904762,0.5,0.10171018457071301,13.498886108398438,E3_permutation,52,bcdot,4,<workspace_root>\output\week6\checkpoints\heco_encoder__tau0.7__seed46.pt
2026-04-28T14:31:39.361019+00:00,E3_permutation,heco_disc_lr_finetune,46,42,0.9983739837398373,67,0.8427753448486328,0.9983739837398373,0.9878048780487805,0.9573170731707317,0.8409090909090909,0.875,0.9225473321858864,1.0,0.75,0.20039532733290832,4.165447473526001,E3_permutation,53,verdecasino,4,<workspace_root>\output\week6\checkpoints\heco_encoder__tau0.7__seed46.pt
2026-04-28T14:31:48.995240+00:00,E3_permutation,heco_disc_lr_finetune,46,120,1.0,145,0.3927256762981415,1.0,1.0,1.0,1.0,1.0,1.0,1.0,1.0,0.04985326243457001,9.32914662361145,E3_permutation,54,freshbet,2,<workspace_root>\output\week6\checkpoints\heco_encoder__tau0.7__seed46.pt
2026-04-28T14:32:02.884118+00:00,E3_permutation,heco_disc_lr_finetune,46,200,1.0,200,0.9838443398475647,1.0,1.0,1.0,1.0,1.0,1.0,1.0,1.0,0.04701892141522182,13.545324087142944,E3_permutation,55,bcgame,2,<workspace_root>\output\week6\checkpoints\heco_encoder__tau0.7__seed46.pt
2026-04-28T14:32:16.807385+00:00,E3_permutation,heco_disc_lr_finetune,46,200,1.0,200,0.7251999378204346,1.0,1.0,1.0,1.0,1.0,1.0,1.0,1.0,0.19540848768797472,13.610621452331543,E3_permutation,56,ggbet,10,<workspace_root>\output\week6\checkpoints\heco_encoder__tau0.7__seed46.pt
2026-04-28T14:32:20.867079+00:00,E3_permutation,heco_disc_lr_finetune,46,31,0.9965156794425086,56,0.5305457711219788,0.9965156794425086,0.975609756097561,0.983739837398374,0.941919191919192,0.9078590785907859,0.875,0.926829268292683,0.8888888888888888,0.13685988359341458,3.7106566429138184,E3_permutation,57,tsars,9,<workspace_root>\output\week6\checkpoints\heco_encoder__tau0.7__seed46.pt
2026-04-28T14:32:34.471554+00:00,E3_permutation,heco_disc_lr_finetune,46,200,1.0,200,0.5773242712020874,1.0,1.0,1.0,1.0,1.0,1.0,1.0,1.0,0.12646863508372086,13.28538465499878,E3_permutation,58,icecasino,6,<workspace_root>\output\week6\checkpoints\heco_encoder__tau0.7__seed46.pt
2026-04-28T14:32:39.100706+00:00,E3_permutation,heco_disc_lr_finetune,46,41,1.0,66,0.832096517086029,1.0,1.0,1.0,1.0,1.0,1.0,1.0,1.0,0.16604554468188562,4.3123393058776855,E3_permutation,59,bcdot,4,<workspace_root>\output\week6\checkpoints\heco_encoder__tau0.7__seed46.pt
2026-04-28T14:32:45.882194+00:00,E3_permutation,heco_disc_lr_finetune,46,76,1.0,101,0.7196834087371826,1.0,1.0,0.988095238095238,0.8875,0.9880952380952381,0.9384203480589022,0.9761904761904762,1.0,0.12130065188325653,6.479710578918457,E3_permutation,60,verdecasino,4,<workspace_root>\output\week6\checkpoints\heco_encoder__tau0.7__seed46.pt
2026-04-28T14:32:59.922164+00:00,E3_permutation,heco_disc_lr_finetune,46,200,1.0,200,0.9886215329170227,1.0,1.0,0.988095238095238,0.8333333333333333,0.75,0.8274509803921568,1.0,0.5,0.07717225160733199,13.738395690917969,E3_permutation,61,freshbet,2,<workspace_root>\output\week6\checkpoints\heco_encoder__tau0.7__seed46.pt
2026-04-28T14:33:06.797150+00:00,E3_permutation,heco_disc_lr_finetune,46,68,1.0,93,0.1678045392036438,1.0,1.0,0.988095238095238,0.8333333333333333,0.9642857142857143,0.7671957671957672,0.9285714285714286,1.0,0.07945732489416928,6.512549638748169,E3_permutation,62,bcgame,2,<workspace_root>\output\week6\checkpoints\heco_encoder__tau0.7__seed46.pt
2026-04-28T14:33:20.179855+00:00,E3_permutation,heco_disc_lr_finetune,46,200,1.0,200,0.48097604513168335,1.0,1.0,1.0,1.0,1.0,1.0,1.0,1.0,0.17941249018809702,13.057981967926025,E3_permutation,63,ggbet,10,<workspace_root>\output\week6\checkpoints\heco_encoder__tau0.7__seed46.pt
2026-04-28T14:33:33.911760+00:00,E3_permutation,heco_disc_lr_finetune,46,200,1.0,200,0.9997572302818298,1.0,1.0,1.0,1.0,0.7777777777777778,0.8338870431893688,1.0,0.5555555555555556,0.1735626733277098,13.39953064918518,E3_permutation,64,tsars,9,<workspace_root>\output\week6\checkpoints\heco_encoder__tau0.7__seed46.pt
2026-04-28T14:33:48.525268+00:00,E3_permutation,heco_disc_lr_finetune,46,200,1.0,200,0.9949123859405518,1.0,1.0,1.0,1.0,0.9878048780487805,0.9553656220322887,0.975609756097561,1.0,0.14916979763088992,14.294643878936768,E3_permutation,65,icecasino,6,<workspace_root>\output\week6\checkpoints\heco_encoder__tau0.7__seed46.pt
2026-04-28T14:33:58.948736+00:00,E3_permutation,heco_disc_lr_finetune,46,135,0.9934959349593496,160,0.15251292288303375,0.9934959349593496,0.9634146341463414,1.0,1.0,0.9878048780487805,0.9382716049382716,0.975609756097561,1.0,0.0941199514857418,10.062834739685059,E3_permutation,66,bcdot,4,<workspace_root>\output\week6\checkpoints\heco_encoder__tau0.7__seed46.pt
2026-04-28T14:34:12.871491+00:00,E3_permutation,heco_disc_lr_finetune,46,200,1.0,200,0.3126237988471985,1.0,1.0,1.0,1.0,1.0,1.0,1.0,1.0,0.0894683636711663,13.544788122177124,E3_permutation,67,verdecasino,4,<workspace_root>\output\week6\checkpoints\heco_encoder__tau0.7__seed46.pt
2026-04-28T14:34:26.200828+00:00,E3_permutation,heco_disc_lr_finetune,46,200,1.0,200,0.9666913151741028,1.0,1.0,1.0,1.0,1.0,1.0,1.0,1.0,0.061092869536052634,12.988072156906128,E3_permutation,68,freshbet,2,<workspace_root>\output\week6\checkpoints\heco_encoder__tau0.7__seed46.pt
2026-04-28T14:34:39.437944+00:00,E3_permutation,heco_disc_lr_finetune,46,200,1.0,200,0.8909431099891663,1.0,1.0,1.0,1.0,1.0,1.0,1.0,1.0,0.04851434348958567,12.923993110656738,E3_permutation,69,bcgame,2,<workspace_root>\output\week6\checkpoints\heco_encoder__tau0.7__seed46.pt
2026-04-28T14:34:46.693651+00:00,E3_permutation,heco_disc_lr_finetune,46,90,1.0,115,0.11775054782629013,1.0,1.0,1.0,0.9999999999999999,0.9878048780487805,0.9700176366843033,0.975609756097561,1.0,0.19938693187940237,6.9280173778533936,E3_permutation,70,ggbet,10,<workspace_root>\output\week6\checkpoints\heco_encoder__tau0.7__seed46.pt
2026-04-28T14:34:51.028510+00:00,E3_permutation,heco_disc_lr_finetune,46,41,0.9895470383275262,66,0.6934171319007874,0.9895470383275262,0.9634146341463414,0.9918699186991871,0.9722222222222223,0.9200542005420054,0.9025341130604287,0.9512195121951219,0.8888888888888888,0.19012251569865943,4.020926237106323,E3_permutation,71,tsars,9,<workspace_root>\output\week6\checkpoints\heco_encoder__tau0.7__seed46.pt
2026-04-28T14:35:04.114703+00:00,E3_permutation,heco_disc_lr_finetune,46,200,1.0,200,0.1727854311466217,1.0,1.0,1.0,1.0,0.9166666666666667,0.9486631016042781,1.0,0.8333333333333334,0.1072506885061389,12.763848066329956,E3_permutation,72,icecasino,6,<workspace_root>\output\week6\checkpoints\heco_encoder__tau0.7__seed46.pt
2026-04-28T14:35:16.989642+00:00,E3_permutation,heco_disc_lr_finetune,46,200,1.0,200,0.7849462032318115,1.0,1.0,1.0,1.0,1.0,1.0,1.0,1.0,0.10298793930222544,12.536808252334595,E3_permutation,73,bcdot,4,<workspace_root>\output\week6\checkpoints\heco_encoder__tau0.7__seed46.pt
2026-04-28T14:35:30.469789+00:00,E3_permutation,heco_disc_lr_finetune,46,200,1.0,200,0.9017468094825745,1.0,1.0,1.0,1.0,1.0,1.0,1.0,1.0,0.08722163713178023,13.014031887054443,E3_permutation,74,verdecasino,4,<workspace_root>\output\week6\checkpoints\heco_encoder__tau0.7__seed46.pt
2026-04-28T14:35:43.670992+00:00,E3_permutation,heco_disc_lr_finetune,46,200,1.0,200,0.9753944873809814,1.0,1.0,1.0,1.0,1.0,1.0,1.0,1.0,0.07004673720283859,12.898614406585693,E3_permutation,75,freshbet,2,<workspace_root>\output\week6\checkpoints\heco_encoder__tau0.7__seed46.pt
2026-04-28T14:35:56.554755+00:00,E3_permutation,heco_disc_lr_finetune,46,177,1.0,200,0.28355714678764343,1.0,1.0,1.0,1.0,1.0,1.0,1.0,1.0,0.0466498042081862,12.604355573654175,E3_permutation,76,bcgame,2,<workspace_root>\output\week6\checkpoints\heco_encoder__tau0.7__seed46.pt
2026-04-28T14:36:07.170576+00:00,E3_permutation,heco_disc_lr_finetune,46,138,1.0,163,0.1542550027370453,1.0,1.0,0.9975609756097561,0.990909090909091,0.975609756097561,0.9420454545454545,0.9512195121951219,1.0,0.21406340702211202,10.28895092010498,E3_permutation,77,ggbet,10,<workspace_root>\output\week6\checkpoints\heco_encoder__tau0.7__seed46.pt
2026-04-28T14:36:20.335800+00:00,E3_permutation,heco_disc_lr_finetune,46,200,1.0,200,0.8019598126411438,1.0,1.0,0.9920634920634921,0.9626543209876542,0.9325396825396826,0.9325396825396826,0.9761904761904762,0.8888888888888888,0.18302226914636344,12.872371673583984,E3_permutation,78,tsars,9,<workspace_root>\output\week6\checkpoints\heco_encoder__tau0.7__seed46.pt
2026-04-28T14:36:27.004577+00:00,E3_permutation,heco_disc_lr_finetune,46,79,1.0,104,0.9379382133483887,1.0,1.0,0.9796747967479674,0.8178571428571427,0.9878048780487805,0.9553656220322887,0.975609756097561,1.0,0.16201139777063156,6.357139348983765,E3_permutation,79,icecasino,6,<workspace_root>\output\week6\checkpoints\heco_encoder__tau0.7__seed46.pt
2026-04-28T14:36:40.120838+00:00,E3_permutation,heco_disc_lr_finetune,46,200,1.0,200,0.19176128506660461,1.0,1.0,0.988095238095238,0.9166666666666666,0.875,0.9226890756302522,1.0,0.75,0.06621805642240779,12.830164909362793,E3_permutation,80,bcdot,4,<workspace_root>\output\week6\checkpoints\heco_encoder__tau0.7__seed46.pt
2026-04-28T14:36:53.214935+00:00,E3_permutation,heco_disc_lr_finetune,46,200,1.0,200,0.9993983507156372,1.0,1.0,1.0,1.0,1.0,1.0,1.0,1.0,0.09134406977459716,12.771334648132324,E3_permutation,81,verdecasino,4,<workspace_root>\output\week6\checkpoints\heco_encoder__tau0.7__seed46.pt
2026-04-28T14:37:03.231294+00:00,E3_permutation,heco_disc_lr_finetune,46,125,1.0,150,0.0932367667555809,1.0,1.0,1.0,1.0,0.975609756097561,0.8208333333333333,0.9512195121951219,1.0,0.07320370450765239,9.719199180603027,E3_permutation,82,freshbet,2,<workspace_root>\output\week6\checkpoints\heco_encoder__tau0.7__seed46.pt
2026-04-28T14:37:10.102240+00:00,E3_permutation,heco_disc_lr_finetune,46,79,0.9934959349593496,104,0.5359862446784973,0.9934959349593496,0.9634146341463414,1.0,1.0,0.9642857142857143,0.7671957671957672,0.9285714285714286,1.0,0.11337519593589142,6.5514116287231445,E3_permutation,83,bcgame,2,<workspace_root>\output\week6\checkpoints\heco_encoder__tau0.7__seed46.pt
2026-04-28T14:37:23.211813+00:00,E3_permutation,heco_disc_lr_finetune,46,200,1.0,200,0.9127978086471558,1.0,1.0,1.0,1.0,1.0,1.0,1.0,1.0,0.19689535003070335,12.788326025009155,E3_permutation,84,ggbet,10,<workspace_root>\output\week6\checkpoints\heco_encoder__tau0.7__seed46.pt
2026-04-28T14:37:36.347540+00:00,E3_permutation,heco_disc_lr_finetune,46,200,1.0,200,0.06223497912287712,1.0,1.0,0.997289972899729,0.9888888888888889,0.9878048780487805,0.9675113710201428,0.975609756097561,1.0,0.20018754734638308,12.859195709228516,E3_permutation,85,tsars,9,<workspace_root>\output\week6\checkpoints\heco_encoder__tau0.7__seed46.pt
2026-04-28T14:37:49.455154+00:00,E3_permutation,heco_disc_lr_finetune,46,200,1.0,200,0.9995163679122925,1.0,1.0,1.0,1.0,1.0,1.0,1.0,1.0,0.12588148251691084,12.812833070755005,E3_permutation,86,icecasino,6,<workspace_root>\output\week6\checkpoints\heco_encoder__tau0.7__seed46.pt
2026-04-28T14:37:55.001956+00:00,E3_permutation,heco_disc_lr_finetune,46,59,1.0,84,0.47272148728370667,1.0,1.0,1.0,1.0,0.975609756097561,0.8875,0.9512195121951219,1.0,0.13076413060180794,5.244112014770508,E3_permutation,87,bcdot,4,<workspace_root>\output\week6\checkpoints\heco_encoder__tau0.7__seed46.pt
2026-04-28T14:38:02.030080+00:00,E3_permutation,heco_disc_lr_finetune,46,79,1.0,104,0.9227002859115601,1.0,1.0,1.0,1.0,1.0,1.0,1.0,1.0,0.09767090865352239,6.713485956192017,E3_permutation,88,verdecasino,4,<workspace_root>\output\week6\checkpoints\heco_encoder__tau0.7__seed46.pt
2026-04-28T14:38:15.348422+00:00,E3_permutation,heco_disc_lr_finetune,46,200,1.0,200,0.9655646085739136,1.0,1.0,1.0,1.0,1.0,1.0,1.0,1.0,0.04940438400865514,12.958509683609009,E3_permutation,89,freshbet,2,<workspace_root>\output\week6\checkpoints\heco_encoder__tau0.7__seed46.pt
2026-04-28T14:38:27.975626+00:00,E3_permutation,heco_disc_lr_finetune,46,200,1.0,200,0.04410107433795929,1.0,1.0,1.0,1.0,1.0,1.0,1.0,1.0,0.04874553935362812,12.316197395324707,E3_permutation,90,bcgame,2,<workspace_root>\output\week6\checkpoints\heco_encoder__tau0.7__seed46.pt
2026-04-28T14:38:41.425205+00:00,E3_permutation,heco_disc_lr_finetune,46,200,1.0,200,0.9974068999290466,1.0,1.0,1.0,1.0,1.0,1.0,1.0,1.0,0.197424112175105,13.160238981246948,E3_permutation,91,ggbet,10,<workspace_root>\output\week6\checkpoints\heco_encoder__tau0.7__seed46.pt
2026-04-28T14:38:54.843558+00:00,E3_permutation,heco_disc_lr_finetune,46,200,1.0,200,0.23789279162883759,1.0,1.0,0.997289972899729,0.9888888888888889,0.9878048780487805,0.9675113710201428,0.975609756097561,1.0,0.19553517448157656,13.112842798233032,E3_permutation,92,tsars,9,<workspace_root>\output\week6\checkpoints\heco_encoder__tau0.7__seed46.pt
2026-04-28T14:39:05.945128+00:00,E3_permutation,heco_disc_lr_finetune,46,144,1.0,169,0.9852058291435242,1.0,1.0,1.0,1.0,1.0,1.0,1.0,1.0,0.13053965645714316,10.765509843826294,E3_permutation,93,icecasino,6,<workspace_root>\output\week6\checkpoints\heco_encoder__tau0.7__seed46.pt
2026-04-28T14:39:19.170984+00:00,E3_permutation,heco_disc_lr_finetune,46,200,1.0,200,0.9989868998527527,1.0,1.0,1.0,1.0,0.75,0.821705426356589,1.0,0.5,0.08772693560265363,12.900997161865234,E3_permutation,94,bcdot,4,<workspace_root>\output\week6\checkpoints\heco_encoder__tau0.7__seed46.pt
2026-04-28T14:39:32.267995+00:00,E3_permutation,heco_disc_lr_finetune,46,200,1.0,200,0.9874070882797241,1.0,1.0,0.9940476190476191,0.95,0.875,0.9226890756302522,1.0,0.75,0.10600949998454301,12.776042222976685,E3_permutation,95,verdecasino,4,<workspace_root>\output\week6\checkpoints\heco_encoder__tau0.7__seed46.pt
2026-04-28T14:39:41.616722+00:00,E3_permutation,heco_disc_lr_finetune,46,117,1.0,142,0.9952599406242371,1.0,1.0,1.0,1.0,1.0,1.0,1.0,1.0,0.05984331852604008,9.054996967315674,E3_permutation,96,freshbet,2,<workspace_root>\output\week6\checkpoints\heco_encoder__tau0.7__seed46.pt
2026-04-28T14:39:55.660002+00:00,E3_permutation,heco_disc_lr_finetune,46,200,1.0,200,0.9086787700653076,1.0,1.0,1.0,1.0,1.0,1.0,1.0,1.0,0.06070515848501678,13.740220546722412,E3_permutation,97,bcgame,2,<workspace_root>\output\week6\checkpoints\heco_encoder__tau0.7__seed46.pt
2026-04-28T14:40:08.808656+00:00,E3_permutation,heco_disc_lr_finetune,46,200,1.0,200,0.37192001938819885,1.0,1.0,0.9975609756097561,0.990909090909091,0.95,0.9676601141407736,1.0,0.9,0.17700100778431166,12.788828134536743,E3_permutation,98,ggbet,10,<workspace_root>\output\week6\checkpoints\heco_encoder__tau0.7__seed46.pt
2026-04-28T14:40:21.999909+00:00,E3_permutation,heco_disc_lr_finetune,46,200,1.0,200,0.99965500831604,1.0,1.0,0.9971509971509972,0.9888888888888889,0.7777777777777778,0.8327526132404182,1.0,0.5555555555555556,0.1676998088920183,12.839053392410278,E3_permutation,99,tsars,9,<workspace_root>\output\week6\checkpoints\heco_encoder__tau0.7__seed46.pt
